Negative,Neutral,Positive,Timestamp
0.55556387,0.3959539,0.0484822,2021-09-04
0.5813285,0.382689,0.035982527,2021-09-04
0.9659543,0.0320407,0.002005015,2021-09-04
0.5847825,0.39668164,0.018535968,2021-09-04
0.95707256,0.038075995,0.0048514055,2021-09-04
0.24356443,0.6971186,0.059316956,2021-09-05
0.708589,0.2798311,0.011579909,2021-09-05
0.3162734,0.6289932,0.05473341,2021-09-05
0.83804595,0.15529625,0.006657832,2021-09-05
0.9155901,0.07838123,0.00602874,2021-09-05
0.28213674,0.6458525,0.07201083,2021-09-06
0.90831345,0.088164754,0.0035217775,2021-09-06
0.5749038,0.40699843,0.018097835,2021-09-06
0.95993525,0.037916455,0.0021483807,2021-09-06
0.07525974,0.6178371,0.3069032,2021-09-06
0.954546,0.043080892,0.002373113,2021-09-06
0.7912007,0.1975869,0.011212353,2021-09-06
0.19848959,0.765797,0.035713404,2021-09-06
0.36147454,0.56557673,0.07294872,2021-09-07
0.10107993,0.33529145,0.5636286,2021-09-07
0.9091579,0.084198125,0.00664399,2021-09-07
0.7658094,0.194679,0.039511666,2021-09-07
0.63131154,0.35141763,0.017270835,2021-09-07
0.6923304,0.27053276,0.03713676,2021-09-07
0.6689703,0.31624317,0.014786549,2021-09-07
0.5021843,0.47253847,0.025277259,2021-09-07
0.903672,0.08800281,0.00832519,2021-09-07
0.80337656,0.17304307,0.023580408,2021-09-08
0.8385973,0.14692146,0.014481248,2021-09-08
0.88369805,0.111885,0.0044168974,2021-09-08
0.7230396,0.26493293,0.012027439,2021-09-08
0.9025111,0.08956792,0.007920982,2021-09-08
0.90005076,0.092428416,0.0075208,2021-09-08
0.84089315,0.14086384,0.01824299,2021-09-09
0.77359766,0.20160803,0.02479438,2021-09-09
0.9393884,0.056876812,0.0037347889,2021-09-09
0.950019,0.044757724,0.0052232556,2021-09-09
0.95780045,0.037207924,0.004991656,2021-09-09
0.48913342,0.4880906,0.022775969,2021-09-10
0.96253324,0.03311655,0.004350248,2021-09-10
0.2592386,0.60901016,0.13175127,2021-09-11
0.77359766,0.20160803,0.02479438,2021-09-11
0.92735916,0.06815206,0.0044887993,2021-09-11
0.9122641,0.080362275,0.007373627,2021-09-11
0.933475,0.06354989,0.0029750513,2021-09-12
0.28451878,0.65194184,0.06353936,2021-09-12
0.0050678784,0.08931815,0.90561396,2021-09-12
0.58861375,0.33973005,0.07165625,2021-09-12
0.8524159,0.13512193,0.012462197,2021-09-12
0.67749065,0.310916,0.011593322,2021-09-12
0.5369238,0.43937397,0.023702266,2021-09-12
0.40083146,0.5566427,0.04252584,2021-09-13
0.8917132,0.09773677,0.010550063,2021-09-13
0.8802646,0.113292955,0.0064424565,2021-09-13
0.9662389,0.031451758,0.0023092958,2021-09-13
0.08439178,0.82033604,0.09527213,2021-09-13
0.079400845,0.81778574,0.102813445,2021-09-13
0.734619,0.23595099,0.029430011,2021-09-13
0.69923574,0.27781022,0.022954106,2021-09-14
0.053580794,0.65113413,0.2952851,2021-09-14
0.9027742,0.08825564,0.00897013,2021-09-14
0.97412044,0.022525387,0.0033541434,2021-09-14
0.91,0.08548286,0.0045171585,2021-09-15
0.9691776,0.028160805,0.0026615502,2021-09-15
0.41283038,0.53780955,0.049360063,2021-09-15
0.9518942,0.044740994,0.0033647553,2021-09-16
0.059220813,0.87558824,0.065191,2021-09-16
0.78680354,0.18408808,0.029108442,2021-09-16
0.9226126,0.073100574,0.004286866,2021-09-16
0.8843867,0.10916019,0.0064531183,2021-09-16
0.7134477,0.26281205,0.023740256,2021-09-16
0.7756918,0.2097017,0.014606549,2021-09-16
0.8419006,0.14321719,0.014882275,2021-09-16
0.95567477,0.041874718,0.0024505444,2021-09-16
0.90812033,0.08201647,0.009863223,2021-09-17
0.89263755,0.10193008,0.0054324083,2021-09-17
0.4958518,0.40620875,0.097939454,2021-09-17
0.7640458,0.22318372,0.01277047,2021-09-18
0.9555208,0.042387556,0.002091665,2021-09-18
0.55854726,0.38378233,0.057670407,2021-09-18
0.07298928,0.6722221,0.2547886,2021-09-18
0.6481601,0.32929838,0.022541529,2021-09-18
0.83278334,0.15324365,0.013972995,2021-09-19
0.7770553,0.20916313,0.01378151,2021-09-19
0.6731479,0.31202927,0.014822752,2021-09-19
0.7283445,0.22596292,0.045692593,2021-09-19
0.55243623,0.4287599,0.018803835,2021-09-19
0.77963644,0.20395216,0.016411446,2021-09-19
0.5190399,0.4416281,0.03933194,2021-09-19
0.593059,0.37307325,0.033867713,2021-09-20
0.4778212,0.47941643,0.04276231,2021-09-20
0.8276106,0.16644366,0.0059458106,2021-09-20
0.91202915,0.082823575,0.00514725,2021-09-21
0.021969972,0.41176173,0.5662683,2021-09-21
0.69702226,0.2779443,0.025033392,2021-09-21
0.6399727,0.3158305,0.044196833,2021-09-22
0.7669102,0.211503,0.021586722,2021-09-22
0.13771023,0.30082944,0.5614603,2021-09-22
0.43109554,0.5494383,0.019466093,2021-09-22
0.3363996,0.6115509,0.052049413,2021-09-22
0.83248603,0.1545645,0.012949396,2021-09-22
0.88587993,0.10854708,0.00557295,2021-09-22
0.92190164,0.0723529,0.0057454375,2021-09-22
0.73845696,0.23198274,0.029560342,2021-09-22
0.01289486,0.630317,0.35678816,2021-09-23
0.15517657,0.641526,0.2032975,2021-09-23
0.91879886,0.07408911,0.0071119387,2021-09-23
0.7658094,0.194679,0.039511666,2021-09-23
0.81501496,0.17926396,0.0057211486,2021-09-23
0.6438399,0.33255163,0.023608515,2021-09-24
0.89367926,0.1010604,0.005260367,2021-09-24
0.9305814,0.062032558,0.007385934,2021-09-24
0.94914156,0.04719898,0.0036594984,2021-09-24
0.004215373,0.1451556,0.8506291,2021-09-25
0.20997795,0.72152126,0.068500854,2021-09-25
0.5977955,0.3667556,0.035448875,2021-09-25
0.92326015,0.071966,0.0047737784,2021-09-26
0.83888423,0.14485238,0.01626347,2021-09-26
0.046686348,0.8906011,0.06271251,2021-09-26
0.51294035,0.43144757,0.055612158,2021-09-26
0.65781635,0.30875486,0.0334288,2021-09-27
0.68764967,0.29857886,0.013771472,2021-09-27
0.21700233,0.71208525,0.070912376,2021-09-27
0.91235363,0.08346832,0.0041780532,2021-09-27
0.6893045,0.2964718,0.014223692,2021-09-27
0.415411,0.5072345,0.0773545,2021-09-27
0.004956116,0.2806522,0.71439165,2021-09-27
0.15296257,0.7201839,0.12685348,2021-09-27
0.9242415,0.071683,0.0040755086,2021-09-28
0.40200952,0.5520636,0.045926936,2021-09-28
0.3160764,0.5635228,0.12040074,2021-09-28
0.96027476,0.037196822,0.0025283238,2021-09-28
0.014667514,0.5986783,0.3866543,2021-09-28
0.6587803,0.30911407,0.03210556,2021-09-28
0.73696095,0.25009885,0.012940209,2021-09-29
0.65972984,0.3017451,0.038525064,2021-09-29
0.92344177,0.07081413,0.005744108,2021-09-29
0.94515663,0.051318806,0.0035245477,2021-09-29
0.90968543,0.086648025,0.0036665127,2021-09-29
0.21623395,0.7427086,0.041057456,2021-09-29
0.00834108,0.33369705,0.65796185,2021-09-29
0.9499818,0.0470996,0.0029186483,2021-09-29
0.012808125,0.45939177,0.52780014,2021-09-30
0.47476545,0.4743436,0.050891005,2021-09-30
0.8175986,0.17364042,0.0087610595,2021-09-30
0.24546018,0.56143975,0.19310005,2021-10-01
0.0724964,0.637211,0.29029256,2021-10-01
0.54851264,0.4146356,0.036851782,2021-10-01
0.93241817,0.06475142,0.00283043,2021-10-02
0.8876426,0.09820561,0.014151769,2021-10-02
0.12282668,0.76636106,0.11081226,2021-10-02
0.8665092,0.124152765,0.009338035,2021-10-02
0.9518075,0.04442535,0.0037670948,2021-10-02
0.6441569,0.32444993,0.03139322,2021-10-02
0.734619,0.23595099,0.029430011,2021-10-03
0.92257434,0.07320709,0.0042185634,2021-10-03
0.026718793,0.774559,0.19872224,2021-10-03
0.18826784,0.6392122,0.1725199,2021-10-03
0.822373,0.16945174,0.008175271,2021-10-03
0.7510865,0.2330797,0.015833829,2021-10-04
0.9187503,0.077175535,0.004074135,2021-10-04
0.74527425,0.24283361,0.011892129,2021-10-04
0.016051756,0.41331053,0.5706377,2021-10-04
0.7989659,0.18672012,0.014314029,2021-10-04
0.00759337,0.32952353,0.6628831,2021-10-04
0.743616,0.22461607,0.03176799,2021-10-04
0.66168356,0.306486,0.03183046,2021-10-04
0.5239428,0.4508007,0.025256488,2021-10-04
0.8956383,0.09961451,0.004747218,2021-10-04
0.88364834,0.10728011,0.00907158,2021-10-04
0.02023909,0.34599626,0.6337646,2021-10-04
0.6989043,0.26401702,0.037078775,2021-10-04
0.8951036,0.09807087,0.006825537,2021-10-05
0.13861322,0.5701485,0.29123822,2021-10-05
0.94409096,0.052112553,0.0037964277,2021-10-05
0.9580271,0.038072787,0.003900145,2021-10-05
0.79415756,0.17766057,0.028181871,2021-10-05
0.83470786,0.15505867,0.010233532,2021-10-05
0.7266883,0.25128105,0.02203063,2021-10-05
0.8419006,0.14321719,0.014882275,2021-10-06
0.28620505,0.57106185,0.14273313,2021-10-06
0.7141679,0.27141467,0.014417399,2021-10-06
0.2154033,0.6630952,0.12150158,2021-10-06
0.01742224,0.20589612,0.7766816,2021-10-06
0.5813285,0.382689,0.035982527,2021-10-06
0.4336039,0.5433205,0.02307565,2021-10-07
0.9065903,0.08375858,0.009651146,2021-10-07
0.587077,0.40277675,0.010146204,2021-10-07
0.8951347,0.09938552,0.0054797856,2021-10-07
0.23997952,0.73203915,0.027981302,2021-10-07
0.40182015,0.55967474,0.038505077,2021-10-08
0.4543477,0.47871837,0.06693393,2021-10-09
0.0064615663,0.15688331,0.83665514,2021-10-09
0.95341647,0.041296694,0.0052868812,2021-10-09
0.10086717,0.46947512,0.42965773,2021-10-10
0.7950007,0.18672034,0.018278982,2021-10-10
0.90681696,0.08818187,0.005001165,2021-10-10
0.014690135,0.20906872,0.7762411,2021-10-10
0.9701595,0.02790133,0.0019392552,2021-10-10
0.77359766,0.20160803,0.02479438,2021-10-10
0.5813285,0.382689,0.035982527,2021-10-10
0.7575379,0.2334898,0.008972311,2021-10-10
0.7550744,0.23603123,0.008894464,2021-10-11
0.25300846,0.68671906,0.06027242,2021-10-12
0.6641643,0.31179032,0.024045387,2021-10-12
0.7439372,0.22830562,0.027757155,2021-10-12
0.060433764,0.42593315,0.5136331,2021-10-12
0.8612861,0.119869374,0.018844511,2021-10-12
0.83195126,0.15496303,0.013085734,2021-10-12
0.27501357,0.41306898,0.3119174,2021-10-13
0.5813285,0.382689,0.035982527,2021-10-13
0.43220416,0.54787326,0.019922595,2021-10-13
0.52237475,0.42930472,0.048320524,2021-10-13
0.8642991,0.116321795,0.019379113,2021-10-14
0.9528096,0.04335004,0.003840355,2021-10-14
0.54965705,0.3504651,0.09987787,2021-10-14
0.89046013,0.100952476,0.008587457,2021-10-14
0.10128809,0.68107927,0.2176326,2021-10-15
0.69911236,0.26988634,0.031001316,2021-10-15
0.95346445,0.04428452,0.0022510893,2021-10-15
0.65105623,0.28964084,0.05930299,2021-10-16
0.05201044,0.8679606,0.080029026,2021-10-16
0.80992925,0.17227456,0.017796217,2021-10-16
0.9155101,0.07885565,0.0056341975,2021-10-16
0.8013362,0.18555,0.0131137995,2021-10-16
0.9448976,0.051874384,0.0032280115,2021-10-16
0.8419006,0.14321719,0.014882275,2021-10-16
0.51918596,0.44798958,0.032824423,2021-10-17
0.009231634,0.4723625,0.5184059,2021-10-17
0.92091477,0.07605079,0.0030344892,2021-10-17
0.76783866,0.22144242,0.010718981,2021-10-17
0.82035786,0.17104805,0.008594096,2021-10-17
0.8254528,0.15029716,0.02424999,2021-10-17
0.9045516,0.08718228,0.00826611,2021-10-17
0.8665406,0.12432642,0.009132909,2021-10-17
0.04115717,0.6478011,0.31104177,2021-10-18
0.68150055,0.30053902,0.017960357,2021-10-18
0.9635154,0.03360313,0.002881469,2021-10-18
0.8794444,0.10709688,0.013458688,2021-10-18
0.3616953,0.60353625,0.03476844,2021-10-18
0.90790105,0.08640652,0.005692444,2021-10-19
0.86304116,0.12863849,0.008320359,2021-10-19
0.69418025,0.28290942,0.02291036,2021-10-19
0.7663483,0.21781002,0.015841642,2021-10-19
0.83648396,0.15751234,0.006003771,2021-10-19
0.7350803,0.25600308,0.008916639,2021-10-20
0.7715555,0.1911416,0.037302937,2021-10-20
0.564392,0.4023385,0.033269558,2021-10-20
0.020352094,0.71142197,0.26822597,2021-10-20
0.9730761,0.025041979,0.0018819144,2021-10-20
0.42391858,0.49152187,0.08455956,2021-10-20
0.74436414,0.22499683,0.030639,2021-10-20
0.5813285,0.382689,0.035982527,2021-10-20
0.80000985,0.19164082,0.008349298,2021-10-20
0.5749535,0.3919748,0.03307171,2021-10-21
0.111462206,0.73174834,0.1567895,2021-10-21
0.8452481,0.13514188,0.019610098,2021-10-21
0.0019891004,0.022889413,0.97512144,2021-10-21
0.47527015,0.5038202,0.02090958,2021-10-21
0.024717275,0.8587759,0.11650681,2021-10-21
0.009861546,0.16791996,0.8222184,2021-10-22
0.75964963,0.22074234,0.019608023,2021-10-22
0.8504703,0.1429333,0.0065963445,2021-10-22
0.93226665,0.064483844,0.0032495079,2021-10-22
0.0655573,0.84383833,0.09060431,2021-10-22
0.65781635,0.30875486,0.0334288,2021-10-23
0.94592226,0.049382195,0.0046956004,2021-10-23
0.84904563,0.14307645,0.007877912,2021-10-23
0.36410367,0.5916778,0.044218555,2021-10-23
0.69828755,0.2600612,0.041651227,2021-10-23
0.90516555,0.08500827,0.009826135,2021-10-23
0.6818456,0.26722932,0.05092505,2021-10-23
0.042062584,0.74475974,0.21317768,2021-10-23
0.6541397,0.31084242,0.035017896,2021-10-24
0.14519256,0.7392187,0.11558874,2021-10-24
0.7283445,0.22596292,0.045692593,2021-10-24
0.026591625,0.48799574,0.48541263,2021-10-24
0.85922617,0.13049874,0.010275121,2021-10-24
0.001745213,0.13727055,0.8609842,2021-10-24
0.79879075,0.19145508,0.00975418,2021-10-24
0.8798502,0.11336732,0.0067824735,2021-10-24
0.0031015542,0.18192986,0.8149685,2021-10-24
0.8979728,0.094072305,0.007954862,2021-10-25
0.86001635,0.1290359,0.010947685,2021-10-25
0.2415839,0.6532913,0.105124824,2021-10-25
0.9441405,0.052281115,0.00357842,2021-10-25
0.95401585,0.041812237,0.004171914,2021-10-25
0.77048063,0.20262152,0.026897827,2021-10-26
0.5672762,0.3901257,0.042598166,2021-10-26
0.87598073,0.11114834,0.012870951,2021-10-26
0.69911236,0.26988634,0.031001316,2021-10-26
0.40583864,0.5435066,0.05065477,2021-10-26
0.7283445,0.22596292,0.045692593,2021-10-26
0.743616,0.22461607,0.03176799,2021-10-26
0.9104867,0.0842972,0.0052161883,2021-10-27
0.41568327,0.5650553,0.019261498,2021-10-27
0.8876359,0.10661214,0.0057520005,2021-10-27
0.25479364,0.643344,0.10186238,2021-10-27
0.9765718,0.020823305,0.002604925,2021-10-27
0.72262657,0.2582085,0.019164905,2021-10-28
0.95390826,0.042552862,0.0035389112,2021-10-28
0.9152812,0.07952478,0.0051940395,2021-10-28
0.90613544,0.089945816,0.0039187516,2021-10-28
0.8114163,0.17614952,0.012434178,2021-10-28
0.743616,0.22461607,0.03176799,2021-10-28
0.54271835,0.42515823,0.032123398,2021-10-29
0.21857081,0.7359572,0.045471996,2021-10-29
0.12040072,0.5554572,0.3241421,2021-10-29
0.083802216,0.63844967,0.2777481,2021-10-29
0.96253353,0.033198636,0.004267707,2021-10-29
0.7371323,0.24544546,0.017422223,2021-10-29
0.786379,0.19796619,0.015654838,2021-10-29
0.14958529,0.64911646,0.20129824,2021-10-29
0.88696826,0.10637883,0.00665295,2021-10-30
0.7658094,0.194679,0.039511666,2021-10-30
0.05192725,0.6527693,0.2953034,2021-10-30
0.97100127,0.026758682,0.0022400795,2021-10-30
0.13601686,0.6781767,0.18580645,2021-10-31
0.28736255,0.4377817,0.27485576,2021-10-31
0.8419006,0.14321719,0.014882275,2021-10-31
0.46802363,0.4913762,0.040600248,2021-10-31
0.909943,0.08219676,0.007860167,2021-10-31
0.84837294,0.1379488,0.013678281,2021-11-01
0.20924114,0.60386413,0.1868947,2021-11-01
0.9690129,0.026882526,0.0041045984,2021-11-01
0.8131298,0.17613147,0.010738806,2021-11-01
0.4313573,0.4582104,0.11043231,2021-11-01
0.055275396,0.84537363,0.09935088,2021-11-01
0.17069583,0.79432625,0.034977965,2021-11-02
0.94166815,0.05463357,0.0036982966,2021-11-02
0.048179034,0.86781126,0.08400974,2021-11-02
0.70990264,0.27322635,0.016871003,2021-11-02
0.80836,0.17332697,0.018313041,2021-11-02
0.9588425,0.035595994,0.0055615664,2021-11-02
0.9498222,0.0439555,0.0062222634,2021-11-02
0.96246785,0.034127634,0.003404492,2021-11-03
0.115550265,0.8030478,0.081402004,2021-11-03
0.10192468,0.48686925,0.41120613,2021-11-03
0.11967829,0.51016563,0.37015605,2021-11-03
0.9160754,0.07853271,0.005391917,2021-11-03
0.61265403,0.37147754,0.015868425,2021-11-03
0.69911236,0.26988634,0.031001316,2021-11-03
0.22084698,0.5919953,0.18715772,2021-11-03
0.8785431,0.11431414,0.007142708,2021-11-04
0.4752585,0.46664554,0.058095917,2021-11-04
0.38028437,0.46144688,0.15826876,2021-11-05
0.8969794,0.096788235,0.0062323003,2021-11-05
0.8475766,0.14545637,0.0069670263,2021-11-05
0.9166832,0.07779668,0.0055201226,2021-11-05
0.86767435,0.12412043,0.008205137,2021-11-05
0.89401007,0.102587454,0.0034025388,2021-11-06
0.7283445,0.22596292,0.045692593,2021-11-06
0.0111907665,0.28616318,0.7026461,2021-11-06
0.75115246,0.22811756,0.020729983,2021-11-06
0.9592897,0.03530142,0.005408787,2021-11-06
0.099887125,0.7982635,0.101849325,2021-11-06
0.5516199,0.43856308,0.009817064,2021-11-06
0.38396078,0.564412,0.051627252,2021-11-07
0.9034378,0.09338128,0.0031809167,2021-11-07
0.6989043,0.26401702,0.037078775,2021-11-07
0.14239676,0.7984375,0.059165776,2021-11-07
0.9516546,0.04622089,0.0021245142,2021-11-07
0.03514205,0.7303345,0.23452339,2021-11-08
0.743616,0.22461607,0.03176799,2021-11-08
0.42411146,0.56528443,0.0106041785,2021-11-08
0.65781635,0.30875486,0.0334288,2021-11-08
0.872906,0.11738668,0.009707261,2021-11-08
0.36147454,0.56557673,0.07294872,2021-11-08
0.6202492,0.36667627,0.013074519,2021-11-08
0.6422895,0.34296647,0.014744041,2021-11-09
0.38848782,0.57041,0.041102204,2021-11-09
0.9313401,0.06391146,0.004748475,2021-11-09
0.72568554,0.2610565,0.01325791,2021-11-09
0.8742419,0.114831746,0.010926403,2021-11-09
0.26696888,0.6596872,0.073343925,2021-11-09
0.0113499155,0.4884062,0.50024384,2021-11-10
0.5078097,0.43225968,0.05993066,2021-11-10
0.3066408,0.60447514,0.08888402,2021-11-11
0.9062523,0.09036522,0.0033824765,2021-11-11
0.6098847,0.36568278,0.024432499,2021-11-11
0.028304094,0.43185118,0.53984475,2021-11-12
0.012681746,0.7592604,0.22805785,2021-11-12
0.38028437,0.46144688,0.15826876,2021-11-12
0.91300535,0.081895396,0.005099308,2021-11-12
0.12428508,0.7460697,0.12964526,2021-11-12
0.40392613,0.5193702,0.07670362,2021-11-12
0.15658969,0.58867526,0.25473508,2021-11-12
0.9084605,0.08727365,0.0042658146,2021-11-12
0.73694724,0.24629377,0.016758947,2021-11-12
0.13881834,0.7315964,0.12958533,2021-11-12
0.4358176,0.5409131,0.023269298,2021-11-13
0.6872708,0.29011315,0.022616029,2021-11-13
0.38371825,0.5848498,0.03143192,2021-11-13
0.3791078,0.5347626,0.08612961,2021-11-13
0.6834858,0.3042105,0.012303664,2021-11-14
0.9210341,0.07292091,0.0060450397,2021-11-14
0.8345285,0.15839936,0.0070720892,2021-11-15
0.964649,0.031195324,0.0041557504,2021-11-15
0.6770468,0.29307693,0.029876314,2021-11-15
0.13054596,0.7429968,0.12645724,2021-11-15
0.8759648,0.116679914,0.0073552504,2021-11-16
0.89254004,0.09679806,0.010661908,2021-11-16
0.76664525,0.20588988,0.0274649,2021-11-17
0.9328055,0.064808995,0.0023854165,2021-11-17
0.88613355,0.10748907,0.00637739,2021-11-17
0.6118625,0.3493256,0.03881192,2021-11-17
0.5182085,0.32996738,0.15182409,2021-11-18
0.7541606,0.21825115,0.027588211,2021-11-18
0.5093019,0.46357828,0.027119767,2021-11-18
0.80947787,0.17591053,0.014611658,2021-11-18
0.8419006,0.14321719,0.014882275,2021-11-18
0.8646987,0.12654255,0.008758715,2021-11-18
0.7209874,0.26590368,0.013108954,2021-11-19
0.8316359,0.16487525,0.0034889032,2021-11-19
0.8303512,0.15701467,0.012634155,2021-11-19
0.88967335,0.10641343,0.003913161,2021-11-20
0.4939681,0.45396253,0.052069366,2021-11-20
0.91319567,0.08300332,0.0038010555,2021-11-20
0.872188,0.117332086,0.010479898,2021-11-20
0.33040905,0.51234895,0.15724199,2021-11-20
0.91733444,0.07738517,0.005280428,2021-11-21
0.31744477,0.58120817,0.10134711,2021-11-21
0.11924102,0.8323556,0.04840336,2021-11-21
0.877449,0.11811703,0.0044340375,2021-11-21
0.7283445,0.22596292,0.045692593,2021-11-21
0.5977955,0.3667556,0.035448875,2021-11-21
0.0017316468,0.012419629,0.98584867,2021-11-21
0.729124,0.25095806,0.019917939,2021-11-22
0.9641657,0.031920902,0.0039133728,2021-11-22
0.12108291,0.7269962,0.15192093,2021-11-22
0.9371866,0.058247592,0.0045657926,2021-11-22
0.8669394,0.11937575,0.0136847785,2021-11-22
0.33612487,0.6338211,0.030054031,2021-11-23
0.046833236,0.73573697,0.21742973,2021-11-23
0.7658094,0.194679,0.039511666,2021-11-23
0.93075776,0.0642424,0.004999886,2021-11-23
0.72132415,0.26663524,0.01204061,2021-11-23
0.7052193,0.2750135,0.019767163,2021-11-23
0.05035135,0.8819026,0.067746036,2021-11-24
0.9223138,0.07357716,0.004109047,2021-11-24
0.04667965,0.8979586,0.055361733,2021-11-25
0.0068166503,0.36340725,0.6297761,2021-11-25
0.7187393,0.25593245,0.02532824,2021-11-25
0.95650685,0.037458487,0.006034589,2021-11-25
0.17792054,0.5947319,0.2273475,2021-11-25
0.9593381,0.037231576,0.0034303227,2021-11-25
0.743616,0.22461607,0.03176799,2021-11-25
0.72710365,0.24125439,0.03164196,2021-11-26
0.64221823,0.32473645,0.03304535,2021-11-26
0.85426897,0.12825075,0.017480275,2021-11-26
0.011704254,0.73247683,0.2558189,2021-11-26
0.10195795,0.78463954,0.113402516,2021-11-26
0.92675406,0.068385385,0.0048605767,2021-11-26
0.15479238,0.4728847,0.3723229,2021-11-26
0.7395934,0.24501675,0.015389867,2021-11-27
0.83782333,0.15075517,0.011421513,2021-11-27
0.94238544,0.055591606,0.002022897,2021-11-27
0.472687,0.3831624,0.1441506,2021-11-27
0.94767773,0.047831558,0.0044907383,2021-11-27
0.0046388344,0.4322276,0.56313354,2021-11-27
0.9441876,0.05190952,0.003902887,2021-11-28
0.9573789,0.039250717,0.003370377,2021-11-28
0.06100705,0.8164958,0.12249719,2021-11-29
0.8749848,0.11431448,0.01070067,2021-11-29
0.22348674,0.63624984,0.14026344,2021-11-29
0.9342846,0.06212954,0.0035858173,2021-11-29
0.6607678,0.31738245,0.021849781,2021-11-29
0.20307295,0.73461306,0.062314056,2021-11-29
0.94580925,0.049035445,0.0051553464,2021-11-29
0.19462873,0.5959359,0.20943542,2021-11-30
0.76853377,0.21892893,0.012537344,2021-11-30
0.004092978,0.08015495,0.9157521,2021-11-30
0.8203793,0.16442364,0.015197012,2021-11-30
0.15468417,0.355379,0.48993686,2021-11-30
0.710846,0.25522444,0.0339295,2021-11-30
0.36857218,0.5681312,0.063296646,2021-11-30
0.5776596,0.38484,0.03750043,2021-11-30
0.9352232,0.059662055,0.005114691,2021-11-30
0.9207766,0.075982384,0.0032410112,2021-11-30
0.28055453,0.6528892,0.06655631,2021-12-01
0.7498069,0.238141,0.0120521085,2021-12-01
0.93943,0.053489268,0.0070807417,2021-12-01
0.86204207,0.12436058,0.013597348,2021-12-02
0.7544819,0.22540775,0.020110374,2021-12-02
0.8533228,0.13849112,0.008186018,2021-12-02
0.15865572,0.7055734,0.1357709,2021-12-02
0.8880786,0.10104362,0.010877874,2021-12-03
0.9247749,0.06980809,0.0054170117,2021-12-03
0.7947567,0.19753513,0.007708102,2021-12-03
0.17252378,0.6832322,0.14424396,2021-12-03
0.96358967,0.03234038,0.004069956,2021-12-03
0.95906043,0.03798475,0.0029548518,2021-12-04
0.48268068,0.48300186,0.034317505,2021-12-04
0.8393241,0.14250849,0.018167468,2021-12-04
0.28289026,0.68891436,0.028195374,2021-12-04
0.41267028,0.48902,0.09830965,2021-12-05
0.20293519,0.7086323,0.08843254,2021-12-05
0.4754064,0.4963217,0.028271846,2021-12-05
0.6399727,0.3158305,0.044196833,2021-12-05
0.9160095,0.080187224,0.0038033728,2021-12-05
0.018337352,0.70942736,0.2722353,2021-12-05
0.006098163,0.10492445,0.8889774,2021-12-05
0.9115257,0.08533403,0.00314025,2021-12-06
0.022488417,0.50231844,0.47519317,2021-12-06
0.9631153,0.03272699,0.0041577187,2021-12-06
0.32446048,0.5688285,0.10671104,2021-12-06
0.9658545,0.03196648,0.0021790094,2021-12-06
0.90165114,0.09476002,0.0035888127,2021-12-06
0.9717317,0.024634227,0.0036341392,2021-12-06
0.8685173,0.117690094,0.013792632,2021-12-06
0.8782907,0.11684822,0.0048610833,2021-12-06
0.014550407,0.82316625,0.16228338,2021-12-07
0.0876643,0.63960266,0.27273306,2021-12-07
0.9227251,0.07375217,0.0035228033,2021-12-07
0.7187393,0.25593245,0.02532824,2021-12-07
0.63178813,0.3373481,0.030863686,2021-12-08
0.25502092,0.69497466,0.05000435,2021-12-08
0.743616,0.22461607,0.03176799,2021-12-08
0.3026156,0.60443383,0.09295055,2021-12-08
0.6825245,0.2993726,0.01810294,2021-12-08
0.7688663,0.21782145,0.0133122755,2021-12-08
0.88145065,0.10549238,0.013057007,2021-12-09
0.86975753,0.12378841,0.0064540277,2021-12-09
0.6505647,0.3344046,0.0150307,2021-12-10
0.85132056,0.14157274,0.007106723,2021-12-10
0.6896298,0.27641922,0.033950925,2021-12-10
0.8609256,0.13330147,0.005772803,2021-12-10
0.8018146,0.17951652,0.018668834,2021-12-11
0.9304037,0.065490514,0.0041057616,2021-12-11
0.92455006,0.07122954,0.004220507,2021-12-11
0.9196698,0.07172761,0.008602615,2021-12-11
0.88948935,0.10192066,0.008589934,2021-12-11
0.831637,0.16099678,0.0073662233,2021-12-11
0.30929214,0.6118611,0.07884678,2021-12-11
0.92563784,0.07099256,0.003369583,2021-12-11
0.7292161,0.2506985,0.020085376,2021-12-11
0.70229816,0.2819429,0.015758922,2021-12-12
0.77359766,0.20160803,0.02479438,2021-12-12
0.67296255,0.30866745,0.01837001,2021-12-13
0.9021128,0.08654286,0.011344321,2021-12-13
0.0037196686,0.20783266,0.7884477,2021-12-13
0.82246673,0.1638885,0.013644788,2021-12-13
0.7306912,0.25465477,0.01465403,2021-12-13
0.90422904,0.0909939,0.0047770003,2021-12-13
0.24300818,0.7224353,0.034556575,2021-12-13
0.20525296,0.53193235,0.26281467,2021-12-13
0.87105936,0.11614265,0.012797931,2021-12-13
0.46159568,0.409026,0.12937824,2021-12-13
0.42718583,0.49333382,0.0794803,2021-12-13
0.3641376,0.56952477,0.06633767,2021-12-14
0.018078083,0.33880162,0.6431203,2021-12-14
0.8688954,0.11917509,0.01192959,2021-12-14
0.94782066,0.04783307,0.004346277,2021-12-14
0.7329552,0.25784796,0.009196808,2021-12-14
0.14133584,0.78271085,0.07595331,2021-12-14
0.9449365,0.049578555,0.005484955,2021-12-15
0.040367983,0.27688354,0.68274844,2021-12-15
0.9632179,0.034696277,0.0020857544,2021-12-15
0.80947787,0.17591053,0.014611658,2021-12-15
0.6399727,0.3158305,0.044196833,2021-12-15
0.77359766,0.20160803,0.02479438,2021-12-16
0.88362384,0.10788842,0.008487668,2021-12-16
0.8104929,0.18029788,0.009209224,2021-12-16
0.1972388,0.75538826,0.04737296,2021-12-16
0.74504244,0.24212702,0.012830562,2021-12-16
0.90963465,0.08722388,0.0031415182,2021-12-16
0.94047654,0.05572151,0.0038018276,2021-12-16
0.6811707,0.29150465,0.027324554,2021-12-17
0.031858053,0.58771306,0.38042885,2021-12-17
0.5556532,0.39158875,0.052758064,2021-12-17
0.90061593,0.09228436,0.007099763,2021-12-17
0.7985736,0.17381062,0.02761575,2021-12-17
0.7344579,0.2504035,0.015138671,2021-12-17
0.5938409,0.35649619,0.0496629,2021-12-17
0.92541957,0.069559075,0.0050213523,2021-12-17
0.94635415,0.048899774,0.004746076,2021-12-17
0.6490887,0.32111272,0.029798552,2021-12-17
0.6531346,0.3154606,0.031404823,2021-12-18
0.37410784,0.44089553,0.18499658,2021-12-18
0.42717758,0.53891987,0.033902574,2021-12-18
0.9321295,0.06315417,0.0047162804,2021-12-18
0.7584499,0.21741085,0.024139155,2021-12-18
0.9133512,0.08210984,0.0045390106,2021-12-18
0.9341473,0.058588374,0.0072644134,2021-12-19
0.045036945,0.5575422,0.39742082,2021-12-19
0.3304148,0.6444489,0.025136283,2021-12-19
0.033527024,0.81003237,0.15644057,2021-12-19
0.06418705,0.8158352,0.11997782,2021-12-19
0.59212685,0.37059778,0.037275303,2021-12-19
0.97111875,0.02617514,0.0027062057,2021-12-19
0.50193036,0.43879074,0.059278924,2021-12-19
0.8972927,0.09885985,0.003847459,2021-12-19
0.6943198,0.28095305,0.024727158,2021-12-19
0.86320615,0.13239859,0.0043952614,2021-12-19
0.31910852,0.60798806,0.07290345,2021-12-19
0.0072549456,0.6036939,0.3890511,2021-12-20
0.9208906,0.07304349,0.0060659805,2021-12-20
0.79676086,0.19701657,0.006222578,2021-12-21
0.9064309,0.082114115,0.011455043,2021-12-21
0.43972775,0.5074757,0.05279663,2021-12-21
0.86542726,0.12619035,0.008382458,2021-12-21
0.96498,0.032170836,0.0028491556,2021-12-21
0.30874074,0.5349961,0.15626316,2021-12-22
0.0033864768,0.06453844,0.93207514,2021-12-22
0.006861179,0.39732563,0.5958132,2021-12-22
0.8707908,0.124691255,0.0045179385,2021-12-23
0.00806878,0.29198992,0.6999413,2021-12-23
0.8279919,0.16086054,0.011147519,2021-12-23
0.006529486,0.11190027,0.8815702,2021-12-23
0.6399727,0.3158305,0.044196833,2021-12-23
0.67953193,0.29879996,0.02166799,2021-12-23
0.87314904,0.11908566,0.00776534,2021-12-23
0.8480978,0.1396793,0.012222901,2021-12-24
0.053367533,0.42102325,0.5256092,2021-12-24
0.7292161,0.2506985,0.020085376,2021-12-24
0.4096554,0.5670164,0.023328228,2021-12-24
0.0027575465,0.029920176,0.9673223,2021-12-24
0.9538411,0.04337922,0.0027797006,2021-12-25
0.015774269,0.11919704,0.8650287,2021-12-25
0.90828294,0.08601234,0.0057047475,2021-12-26
0.962764,0.03533469,0.0019012336,2021-12-26
0.5813285,0.382689,0.035982527,2021-12-26
0.024625931,0.4323789,0.54299515,2021-12-26
0.9564906,0.040416304,0.0030931402,2021-12-26
0.86349535,0.1316647,0.004839935,2021-12-26
0.8241011,0.16361141,0.012287526,2021-12-26
0.952429,0.045073852,0.00249711,2021-12-27
0.83439,0.15886277,0.006747295,2021-12-27
0.8917833,0.10072482,0.0074919565,2021-12-27
0.93075883,0.06214814,0.007092998,2021-12-27
0.7680178,0.20924023,0.022741947,2021-12-28
0.65332204,0.3088093,0.03786865,2021-12-28
0.845995,0.13474905,0.019255958,2021-12-28
0.7985736,0.17381062,0.02761575,2021-12-28
0.88691217,0.109368764,0.003719003,2021-12-28
0.9115375,0.07922937,0.009233138,2021-12-28
0.9625053,0.034047853,0.0034468703,2021-12-28
0.940232,0.0540074,0.0057606185,2021-12-28
0.8530722,0.1359764,0.010951303,2021-12-28
0.47679,0.43134743,0.09186259,2021-12-29
0.743616,0.22461607,0.03176799,2021-12-29
0.47162768,0.48167786,0.046694424,2021-12-29
0.7979988,0.18889387,0.013107314,2021-12-29
0.15824287,0.49080044,0.3509567,2021-12-29
0.8587467,0.136434,0.004819294,2021-12-29
0.107580714,0.8132771,0.07914217,2021-12-29
0.6989043,0.26401702,0.037078775,2021-12-29
0.89916867,0.09249246,0.008338941,2021-12-30
0.5607443,0.3717384,0.0675173,2021-12-30
0.18226472,0.57309955,0.24463575,2021-12-30
0.9649451,0.031546585,0.0035082768,2021-12-30
0.808929,0.17830752,0.012763457,2021-12-30
0.04364798,0.56531864,0.39103338,2021-12-30
0.69412845,0.27773717,0.02813441,2021-12-31
0.3617707,0.53850454,0.099724784,2021-12-31
0.11941452,0.7211148,0.15947069,2021-12-31
0.013461182,0.24395731,0.74258155,2021-12-31
0.8428078,0.14809565,0.009096523,2021-12-31
0.8282763,0.16254735,0.009176427,2021-12-31
0.43625277,0.505404,0.05834326,2021-12-31
0.042623524,0.9279952,0.029381339,2022-01-01
0.5118794,0.43835324,0.049767334,2022-01-01
0.743616,0.22461607,0.03176799,2022-01-02
0.81661695,0.17707537,0.0063076434,2022-01-03
0.79189014,0.19646811,0.01164173,2022-01-03
0.12565473,0.5893076,0.28503767,2022-01-03
0.086365305,0.86862195,0.045012753,2022-01-03
0.14002527,0.70737857,0.1525962,2022-01-03
0.9459733,0.0472977,0.006728989,2022-01-04
0.1489253,0.75690496,0.09416976,2022-01-04
0.6637022,0.31154555,0.024752194,2022-01-04
0.16877897,0.67038405,0.16083705,2022-01-04
0.080013275,0.14820972,0.77177703,2022-01-04
0.014341495,0.4718027,0.5138558,2022-01-04
0.028539289,0.2907382,0.68072253,2022-01-05
0.4010976,0.53768367,0.061218746,2022-01-05
0.80323845,0.18519272,0.011568872,2022-01-05
0.5709473,0.36281443,0.066238254,2022-01-05
0.21973825,0.7574962,0.022765577,2022-01-05
0.15849076,0.746484,0.0950252,2022-01-05
0.9015531,0.09191385,0.0065331524,2022-01-05
0.87049025,0.1184726,0.011037096,2022-01-05
0.8526583,0.1371223,0.01021942,2022-01-05
0.011874717,0.6249765,0.36314875,2022-01-06
0.06948375,0.5718001,0.35871613,2022-01-06
0.95118433,0.046270166,0.002545495,2022-01-06
0.82262546,0.1558891,0.021485433,2022-01-06
0.7572309,0.23206553,0.010703605,2022-01-06
0.81054944,0.183916,0.005534614,2022-01-06
0.7985736,0.17381062,0.02761575,2022-01-07
0.7658094,0.194679,0.039511666,2022-01-07
0.7532631,0.22669677,0.020040117,2022-01-08
0.8594549,0.13418335,0.0063617406,2022-01-08
0.89189494,0.09836271,0.009742408,2022-01-08
0.69911236,0.26988634,0.031001316,2022-01-08
0.015956542,0.6339564,0.35008714,2022-01-08
0.89812577,0.09635573,0.005518468,2022-01-08
0.8035653,0.18135653,0.015078104,2022-01-08
0.46443158,0.5083023,0.027266173,2022-01-08
0.8021976,0.17753057,0.020271935,2022-01-09
0.09832794,0.7184995,0.1831726,2022-01-09
0.52215016,0.33877113,0.13907874,2022-01-09
0.43781054,0.52931917,0.03287029,2022-01-09
0.03317873,0.83867437,0.12814687,2022-01-09
0.8037942,0.18057266,0.015633093,2022-01-09
0.68209165,0.29999176,0.017916607,2022-01-09
0.80139565,0.1915649,0.007039414,2022-01-10
0.12864423,0.7650349,0.106320865,2022-01-10
0.81922686,0.16942696,0.011346158,2022-01-10
0.87309974,0.12135271,0.0055474974,2022-01-10
0.005833021,0.31942493,0.67474204,2022-01-11
0.7606089,0.22232239,0.017068746,2022-01-11
0.08615538,0.8577502,0.05609443,2022-01-11
0.7247559,0.25681126,0.018432833,2022-01-11
0.8419006,0.14321719,0.014882275,2022-01-11
0.004123962,0.46640864,0.5294674,2022-01-11
0.02591294,0.5474711,0.42661595,2022-01-12
0.5709473,0.36281443,0.066238254,2022-01-12
0.04680082,0.8035741,0.14962517,2022-01-12
0.853948,0.13915955,0.006892522,2022-01-12
0.3663747,0.55898994,0.07463538,2022-01-12
0.87282324,0.114098705,0.0130781215,2022-01-12
0.45590755,0.4963475,0.047744937,2022-01-13
0.508022,0.4536524,0.038325552,2022-01-13
0.58494747,0.38799566,0.027056886,2022-01-13
0.7985736,0.17381062,0.02761575,2022-01-13
0.09825723,0.8122138,0.08952903,2022-01-13
0.78002113,0.18215519,0.03782366,2022-01-13
0.9316068,0.060065996,0.008327213,2022-01-13
0.47966424,0.4646409,0.055694938,2022-01-13
0.02702527,0.86341465,0.109560065,2022-01-13
0.8911166,0.10285291,0.0060305567,2022-01-14
0.34454146,0.5765839,0.07887458,2022-01-14
0.89354235,0.10258944,0.0038682267,2022-01-14
0.44536284,0.51328415,0.041353047,2022-01-14
0.3139531,0.5802316,0.10581531,2022-01-15
0.92343354,0.07090907,0.0056572794,2022-01-15
0.8792336,0.11375026,0.007016215,2022-01-15
0.7418257,0.23967926,0.018495083,2022-01-15
0.24373409,0.7112721,0.04499379,2022-01-15
0.8962326,0.091814324,0.011953073,2022-01-15
0.16843249,0.7418192,0.08974831,2022-01-15
0.87296075,0.11689789,0.010141365,2022-01-15
0.22163,0.6895924,0.08877753,2022-01-15
0.7834241,0.19081159,0.025764374,2022-01-15
0.027080497,0.90916723,0.06375236,2022-01-16
0.8021976,0.17753057,0.020271935,2022-01-16
0.097842254,0.7022414,0.19991633,2022-01-16
0.4891309,0.48882034,0.022048676,2022-01-17
0.7323174,0.2503933,0.017289335,2022-01-17
0.38112596,0.5548288,0.064045236,2022-01-17
0.94507504,0.051384676,0.0035402274,2022-01-17
0.7008234,0.27643675,0.022739813,2022-01-17
0.77359766,0.20160803,0.02479438,2022-01-17
0.96137047,0.035119854,0.0035097906,2022-01-17
0.037821665,0.73811996,0.22405833,2022-01-17
0.28722277,0.51794875,0.19482845,2022-01-17
0.82309055,0.16371487,0.013194565,2022-01-17
0.76921946,0.21857634,0.012204228,2022-01-18
0.6999776,0.28476667,0.015255772,2022-01-18
0.01573857,0.4469471,0.53731436,2022-01-18
0.6989043,0.26401702,0.037078775,2022-01-18
0.8419006,0.14321719,0.014882275,2022-01-18
0.9679873,0.029012365,0.003000298,2022-01-18
0.7563164,0.222875,0.020808587,2022-01-19
0.083087474,0.57782155,0.339091,2022-01-19
0.5398364,0.43926573,0.02089783,2022-01-19
0.62913316,0.33253124,0.03833554,2022-01-20
0.9539553,0.042811614,0.0032330586,2022-01-20
0.95989347,0.037024274,0.00308229,2022-01-20
0.87567085,0.11794429,0.0063849157,2022-01-20
0.82124853,0.16204283,0.01670862,2022-01-21
0.8480707,0.14130218,0.010627064,2022-01-21
0.2487156,0.6672388,0.08404565,2022-01-21
0.9366324,0.058993828,0.0043737437,2022-01-21
0.45937553,0.5104523,0.030172205,2022-01-21
0.6422306,0.3300944,0.027675083,2022-01-21
0.11016369,0.68597484,0.2038615,2022-01-21
0.7544819,0.22540775,0.020110374,2022-01-21
0.92802274,0.06719714,0.004780168,2022-01-21
0.45245782,0.49848083,0.04906141,2022-01-21
0.36934847,0.4704967,0.16015486,2022-01-21
0.8232959,0.16789705,0.008807105,2022-01-21
0.7942077,0.18686028,0.018932084,2022-01-21
0.5772948,0.3971161,0.02558904,2022-01-21
0.9661759,0.031826705,0.001997347,2022-01-22
0.9455108,0.049004294,0.0054848613,2022-01-22
0.8138446,0.16280629,0.023349136,2022-01-22
0.9527906,0.044742808,0.0024664828,2022-01-22
0.9093931,0.082533404,0.008073558,2022-01-22
0.42327,0.5380888,0.038641267,2022-01-22
0.82635725,0.16158009,0.012062695,2022-01-22
0.8894759,0.09801171,0.012512401,2022-01-23
0.9570829,0.03861754,0.0042994693,2022-01-23
0.8882418,0.1016605,0.01009769,2022-01-23
0.6451305,0.30516857,0.049700912,2022-01-23
0.8577065,0.1334298,0.008863739,2022-01-23
0.89374894,0.09921532,0.0070356373,2022-01-23
0.062139712,0.86086166,0.076998614,2022-01-24
0.42343313,0.52313924,0.053427644,2022-01-25
0.37607107,0.5920185,0.031910446,2022-01-25
0.84338045,0.14782996,0.008789495,2022-01-25
0.65881306,0.31089368,0.030293262,2022-01-25
0.9595655,0.038395442,0.002039055,2022-01-25
0.7001737,0.2795322,0.020294096,2022-01-25
0.19091786,0.77310103,0.035981067,2022-01-26
0.6989043,0.26401702,0.037078775,2022-01-26
0.9538485,0.042346038,0.0038054131,2022-01-26
0.91059005,0.08352487,0.0058851037,2022-01-26
0.920175,0.07623702,0.0035880052,2022-01-26
0.68093055,0.29894555,0.02012388,2022-01-26
0.40157947,0.5721513,0.026269145,2022-01-26
0.5426027,0.38948932,0.067907915,2022-01-27
0.7897025,0.1976416,0.012655945,2022-01-27
0.0131760575,0.81569564,0.17112835,2022-01-27
0.8889507,0.10203014,0.009019245,2022-01-27
0.30409747,0.4729693,0.22293328,2022-01-27
0.011816831,0.45143366,0.53674954,2022-01-27
0.64273214,0.30551764,0.05175019,2022-01-27
0.93266684,0.06319309,0.004140079,2022-01-27
0.6516509,0.3310114,0.01733765,2022-01-28
0.26417094,0.62568593,0.1101432,2022-01-28
0.88497245,0.10524315,0.009784436,2022-01-28
0.32218036,0.56409496,0.11372469,2022-01-28
0.81041145,0.1715208,0.018067691,2022-01-28
0.25822973,0.63721395,0.10455634,2022-01-28
0.8541735,0.13747345,0.008353037,2022-01-28
0.6137016,0.341671,0.044627428,2022-01-28
0.743616,0.22461607,0.03176799,2022-01-28
0.3309054,0.5605596,0.108534984,2022-01-29
0.9609297,0.033768434,0.00530175,2022-01-29
0.9002843,0.09287585,0.0068398244,2022-01-29
0.8888764,0.10421108,0.006912515,2022-01-29
0.8744379,0.11400568,0.01155637,2022-01-29
0.8125623,0.17808867,0.009348985,2022-01-30
0.8240388,0.15878667,0.01717446,2022-01-30
0.7852316,0.19877744,0.01599092,2022-01-30
0.18414621,0.67321056,0.14264329,2022-01-30
0.026531762,0.7383209,0.23514734,2022-01-30
0.9102636,0.08548179,0.0042545972,2022-01-31
0.8939004,0.100192845,0.005906802,2022-01-31
0.004487951,0.085757956,0.9097541,2022-01-31
0.718178,0.26147708,0.02034489,2022-01-31
0.4367269,0.5375025,0.025770599,2022-01-31
0.90911984,0.08024431,0.010635836,2022-01-31
0.32010356,0.6394443,0.040452156,2022-01-31
0.006357327,0.14475286,0.8488898,2022-01-31
0.774196,0.21117947,0.014624589,2022-01-31
0.91933984,0.07083745,0.0098227495,2022-01-31
0.825588,0.16021809,0.014193949,2022-01-31
0.028058784,0.21186362,0.76007754,2022-01-31
0.7260348,0.24945372,0.024511388,2022-02-01
0.38910133,0.47451627,0.13638242,2022-02-01
0.005104182,0.14310807,0.8517877,2022-02-01
0.8277752,0.15970467,0.012520261,2022-02-01
0.018922715,0.7808033,0.20027404,2022-02-01
0.9236846,0.067467205,0.008848161,2022-02-01
0.9207881,0.07359044,0.005621497,2022-02-02
0.8303771,0.15935674,0.0102662435,2022-02-02
0.6921966,0.29607192,0.011731507,2022-02-02
0.7902384,0.17475298,0.035008617,2022-02-02
0.5065797,0.4394118,0.05400849,2022-02-02
0.9537835,0.044245016,0.0019713948,2022-02-02
0.9716725,0.026157908,0.0021695017,2022-02-02
0.5390899,0.44556725,0.015342827,2022-02-03
0.4063044,0.5477695,0.045926195,2022-02-03
0.6391266,0.3272214,0.033652008,2022-02-04
0.6725236,0.29297674,0.034499716,2022-02-04
0.8202672,0.17283012,0.006902607,2022-02-04
0.73600435,0.22927266,0.03472299,2022-02-04
0.7581331,0.23413563,0.007731239,2022-02-04
0.48324642,0.4631255,0.053628106,2022-02-04
0.24713081,0.7001997,0.05266949,2022-02-05
0.7066201,0.26323074,0.030149106,2022-02-05
0.9068834,0.0805851,0.012531489,2022-02-05
0.6399727,0.3158305,0.044196833,2022-02-05
0.7079845,0.269297,0.022718506,2022-02-05
0.97627515,0.021500688,0.0022242134,2022-02-05
0.002118457,0.546282,0.45159954,2022-02-05
0.8597727,0.13159801,0.008629278,2022-02-05
0.20792136,0.7001272,0.09195146,2022-02-06
0.5445925,0.41569716,0.039710343,2022-02-06
0.6926024,0.2957031,0.01169444,2022-02-06
0.58328724,0.3777184,0.038994417,2022-02-06
0.35756454,0.56174046,0.080694996,2022-02-06
0.9573193,0.038695347,0.003985372,2022-02-06
0.026763504,0.71466607,0.25857037,2022-02-06
0.0062151523,0.1282119,0.86557287,2022-02-06
0.30227673,0.56760937,0.13011387,2022-02-06
0.8385973,0.14692146,0.014481248,2022-02-07
0.88285834,0.10814038,0.009001286,2022-02-07
0.9549292,0.040385872,0.0046849647,2022-02-07
0.9553008,0.042081352,0.0026178772,2022-02-07
0.90828156,0.08912631,0.002592078,2022-02-07
0.9520341,0.04384385,0.004122042,2022-02-07
0.7928802,0.1973502,0.009769674,2022-02-07
0.9544991,0.04236897,0.0031319421,2022-02-07
0.8517615,0.13932045,0.008918044,2022-02-07
0.18491086,0.7209653,0.09412383,2022-02-08
0.8964151,0.09657416,0.007010758,2022-02-08
0.9034527,0.0894925,0.007054735,2022-02-08
0.71935266,0.24270962,0.03793767,2022-02-08
0.8410878,0.14930452,0.009607594,2022-02-08
0.7451401,0.22811024,0.026749749,2022-02-08
0.0019427256,0.3155554,0.68250185,2022-02-08
0.880859,0.11139527,0.0077456837,2022-02-09
0.9454718,0.050719686,0.0038083931,2022-02-09
0.5977955,0.3667556,0.035448875,2022-02-09
0.93244594,0.0621785,0.005375671,2022-02-09
0.40878868,0.4317936,0.15941763,2022-02-09
0.32848525,0.57759726,0.093917474,2022-02-09
0.8021976,0.17753057,0.020271935,2022-02-10
0.415411,0.5072345,0.0773545,2022-02-10
0.91924924,0.07515723,0.0055935318,2022-02-10
0.9023657,0.09466648,0.0029678412,2022-02-11
0.6803448,0.25019744,0.069457754,2022-02-11
0.6185075,0.35845482,0.023037633,2022-02-11
0.8583266,0.13373548,0.007937898,2022-02-11
0.7582864,0.22375855,0.017954988,2022-02-11
0.8119962,0.17429428,0.013709547,2022-02-11
0.9415422,0.052445333,0.006012552,2022-02-11
0.73660797,0.23935643,0.02403559,2022-02-11
0.49261913,0.4515269,0.055853993,2022-02-11
0.1105787,0.7677802,0.1216411,2022-02-12
0.96138114,0.03563417,0.002984721,2022-02-12
0.8786445,0.114512965,0.006842531,2022-02-12
0.863065,0.12138044,0.015554487,2022-02-12
0.96393645,0.033533283,0.002530236,2022-02-12
0.70666224,0.25964266,0.03369508,2022-02-12
0.510054,0.45896813,0.030977797,2022-02-13
0.9342891,0.06263065,0.0030801578,2022-02-13
0.8697239,0.12585293,0.0044231405,2022-02-13
0.9557953,0.039982807,0.0042219507,2022-02-13
0.7656901,0.21563017,0.018679693,2022-02-13
0.8233675,0.1672596,0.00937289,2022-02-13
0.86509687,0.12651965,0.008383598,2022-02-13
0.4144371,0.5557879,0.029775025,2022-02-13
0.9061223,0.0871837,0.006693993,2022-02-14
0.13331768,0.7523446,0.11433773,2022-02-14
0.7658094,0.194679,0.039511666,2022-02-14
0.85671884,0.13374658,0.00953452,2022-02-14
0.92856777,0.0656392,0.005793067,2022-02-14
0.20504332,0.7175593,0.07739734,2022-02-15
0.9290944,0.064864084,0.0060415072,2022-02-15
0.65945095,0.32143393,0.019115122,2022-02-15
0.07153142,0.8515183,0.07695031,2022-02-15
0.8879668,0.108264945,0.0037683162,2022-02-15
0.86855704,0.1252669,0.0061760484,2022-02-15
0.66965693,0.30556932,0.024773786,2022-02-15
0.6989043,0.26401702,0.037078775,2022-02-15
0.15529543,0.71406347,0.13064107,2022-02-15
0.5388546,0.42755455,0.03359086,2022-02-15
0.38910133,0.47451627,0.13638242,2022-02-16
0.94454956,0.050566267,0.0048841992,2022-02-16
0.92937845,0.06526739,0.005354133,2022-02-17
0.25890574,0.5350148,0.20607947,2022-02-17
0.86197156,0.12394798,0.01408046,2022-02-17
0.3723619,0.50969803,0.117940046,2022-02-17
0.0029437947,0.11940413,0.87765205,2022-02-17
0.87567323,0.11695022,0.0073765097,2022-02-18
0.7114764,0.2576742,0.03084946,2022-02-18
0.93238074,0.055071563,0.012547606,2022-02-18
0.77249044,0.21798742,0.009522155,2022-02-18
0.8328592,0.15129288,0.015847882,2022-02-18
0.93357134,0.06238243,0.004046151,2022-02-18
0.7333269,0.25584704,0.010826133,2022-02-18
0.95850474,0.038324285,0.003171021,2022-02-19
0.7498288,0.24199508,0.0081760585,2022-02-19
0.6159091,0.36492065,0.019170228,2022-02-19
0.8663432,0.12439875,0.00925811,2022-02-20
0.33770156,0.5313887,0.13090977,2022-02-20
0.7529195,0.24063694,0.0064436276,2022-02-20
0.23295918,0.6518703,0.11517057,2022-02-20
0.81243587,0.17934215,0.008221928,2022-02-20
0.6861115,0.28164795,0.032240476,2022-02-20
0.009123569,0.117849976,0.87302643,2022-02-20
0.9405933,0.05180617,0.007600568,2022-02-20
0.046063922,0.26542008,0.688516,2022-02-20
0.9191767,0.07764125,0.0031820927,2022-02-21
0.9471656,0.047140162,0.0056941737,2022-02-22
0.7761304,0.21391806,0.009951545,2022-02-22
0.8763705,0.11619953,0.007430053,2022-02-22
0.10626928,0.82496333,0.0687674,2022-02-22
0.020342216,0.3590771,0.6205807,2022-02-22
0.8419006,0.14321719,0.014882275,2022-02-22
0.8202427,0.15672167,0.0230356,2022-02-22
0.7745408,0.22072142,0.0047377935,2022-02-22
0.034326214,0.795205,0.17046878,2022-02-22
0.56967294,0.3905924,0.03973468,2022-02-22
0.82753557,0.15453552,0.01792889,2022-02-22
0.702157,0.26787964,0.02996341,2022-02-22
0.30227673,0.56760937,0.13011387,2022-02-23
0.52758604,0.43694085,0.035473134,2022-02-23
0.89266187,0.09809373,0.009244334,2022-02-23
0.8385973,0.14692146,0.014481248,2022-02-23
0.8375215,0.15622151,0.006257015,2022-02-24
0.7544819,0.22540775,0.020110374,2022-02-24
0.015749682,0.551548,0.4327023,2022-02-24
0.83785033,0.1547098,0.00743987,2022-02-24
0.75699764,0.221954,0.021048408,2022-02-25
0.94053626,0.052870426,0.0065933936,2022-02-25
0.9504364,0.045870993,0.0036925504,2022-02-25
0.9185356,0.07203374,0.009430642,2022-02-25
0.3035206,0.65679324,0.039686155,2022-02-25
0.9679624,0.028259214,0.0037783165,2022-02-25
0.6099567,0.3605893,0.029454017,2022-02-25
0.9583503,0.039734755,0.0019150132,2022-02-26
0.6115811,0.36709598,0.021322852,2022-02-26
0.6541397,0.31084242,0.035017896,2022-02-26
0.30874074,0.5349961,0.15626316,2022-02-26
0.21425103,0.5766013,0.20914765,2022-02-26
0.7577786,0.22310953,0.01911192,2022-02-27
0.743616,0.22461607,0.03176799,2022-02-27
0.19776776,0.48426947,0.31796274,2022-02-28
0.84304273,0.13817613,0.018781208,2022-02-28
0.84702355,0.14719659,0.005779783,2022-02-28
0.35437948,0.59526896,0.05035159,2022-02-28
0.86693233,0.12550884,0.0075588175,2022-02-28
0.4118718,0.5537063,0.03442192,2022-02-28
0.6188838,0.35366163,0.027454566,2022-02-28
0.003674129,0.14821985,0.848106,2022-02-28
0.8366925,0.15542729,0.007880188,2022-02-28
0.58445776,0.4029305,0.012611783,2022-02-28
0.92883945,0.06813391,0.0030266903,2022-03-01
0.57203144,0.3857882,0.04218038,2022-03-01
0.44854128,0.4992249,0.052233804,2022-03-01
0.0042801024,0.263247,0.7324729,2022-03-01
0.92762077,0.06518767,0.0071914834,2022-03-01
0.8719247,0.117221236,0.010854051,2022-03-01
0.010002129,0.62907845,0.36091945,2022-03-02
0.30632472,0.58448666,0.10918862,2022-03-03
0.46649715,0.4715876,0.061915237,2022-03-04
0.6482066,0.32713178,0.02466164,2022-03-04
0.029095363,0.60075915,0.37014544,2022-03-04
0.72137225,0.2556743,0.02295346,2022-03-04
0.074773885,0.6397262,0.28549984,2022-03-04
0.24884965,0.65038055,0.10076982,2022-03-04
0.8370572,0.15085483,0.0120879505,2022-03-05
0.95709115,0.0391062,0.0038026145,2022-03-05
0.83326733,0.15458588,0.012146737,2022-03-05
0.4311554,0.48446026,0.08438433,2022-03-05
0.017076816,0.36767113,0.6152521,2022-03-05
0.075291514,0.7614791,0.1632294,2022-03-05
0.8347087,0.14703931,0.018252028,2022-03-05
0.8144833,0.17177577,0.013740926,2022-03-05
0.09127151,0.8357493,0.07297915,2022-03-06
0.878049,0.11191634,0.010034637,2022-03-06
0.92481977,0.07041955,0.004760695,2022-03-06
0.7957866,0.18507701,0.019136434,2022-03-06
0.72321373,0.25546205,0.021324212,2022-03-06
0.14297237,0.65340084,0.20362678,2022-03-06
0.743616,0.22461607,0.03176799,2022-03-06
0.0475429,0.5771888,0.37526828,2022-03-06
0.6452699,0.34055382,0.01417627,2022-03-06
0.41429815,0.512076,0.073625825,2022-03-07
0.89879644,0.095180504,0.0060230307,2022-03-07
0.30874074,0.5349961,0.15626316,2022-03-07
0.89818966,0.09786399,0.003946364,2022-03-07
0.72717375,0.25317076,0.019655526,2022-03-07
0.8949645,0.09531827,0.009717221,2022-03-07
0.20172839,0.72757334,0.07069818,2022-03-07
0.91359967,0.082172245,0.004228065,2022-03-07
0.15863983,0.7969388,0.04442139,2022-03-08
0.96028894,0.037337206,0.0023738404,2022-03-08
0.9373732,0.056910433,0.005716402,2022-03-08
0.80085814,0.19059953,0.008542384,2022-03-08
0.89742553,0.09495601,0.00761848,2022-03-08
0.9667614,0.030190045,0.0030484735,2022-03-08
0.31089404,0.45018014,0.2389258,2022-03-08
0.9669483,0.029095216,0.003956527,2022-03-08
0.26331076,0.6289184,0.10777089,2022-03-08
0.37126786,0.6132556,0.01547657,2022-03-08
0.75847584,0.22563672,0.015887415,2022-03-08
0.46616632,0.5047357,0.02909801,2022-03-09
0.96227056,0.033781253,0.003948103,2022-03-09
0.9696315,0.028018646,0.002349819,2022-03-09
0.039397806,0.6171423,0.34345987,2022-03-09
0.91640145,0.07810346,0.005495093,2022-03-10
0.87934166,0.114244804,0.0064135035,2022-03-10
0.060235754,0.80372053,0.13604367,2022-03-10
0.46183437,0.4816467,0.056519043,2022-03-10
0.03368863,0.13559917,0.8307122,2022-03-10
0.17529032,0.39559296,0.42911667,2022-03-10
0.40858722,0.52527726,0.06613557,2022-03-10
0.56154764,0.39233443,0.04611794,2022-03-12
0.7985736,0.17381062,0.02761575,2022-03-12
0.66061455,0.3206953,0.018690147,2022-03-13
0.11169036,0.5820038,0.3063059,2022-03-13
0.9248333,0.072276294,0.0028903466,2022-03-13
0.6546455,0.32617325,0.019181272,2022-03-13
0.9417918,0.053888015,0.004320246,2022-03-13
0.59472,0.37776655,0.027513448,2022-03-13
0.5776596,0.38484,0.03750043,2022-03-13
0.9513937,0.04651279,0.0020934285,2022-03-13
0.5813285,0.382689,0.035982527,2022-03-13
0.87408674,0.11711834,0.008794896,2022-03-13
0.50940126,0.43221295,0.05838578,2022-03-13
0.009712067,0.5798207,0.4104673,2022-03-14
0.005255168,0.24179578,0.752949,2022-03-14
0.7952204,0.18579745,0.018982166,2022-03-14
0.96550024,0.031950798,0.0025488865,2022-03-14
0.6610944,0.29524535,0.043660223,2022-03-14
0.028771734,0.6482559,0.3229724,2022-03-15
0.5455974,0.41665977,0.037742853,2022-03-15
0.18343444,0.7827423,0.033823222,2022-03-15
0.07883521,0.84492004,0.076244734,2022-03-15
0.9760108,0.021407662,0.0025815482,2022-03-15
0.91929233,0.07543015,0.0052775363,2022-03-15
0.6889055,0.29481345,0.01628108,2022-03-15
0.81293005,0.16993667,0.017133325,2022-03-15
0.114844345,0.84287643,0.04227925,2022-03-15
0.9634655,0.03351415,0.003020317,2022-03-16
0.3309054,0.5605596,0.108534984,2022-03-16
0.9135801,0.077730976,0.008688882,2022-03-17
0.67700386,0.30837193,0.01462419,2022-03-17
0.83863866,0.14604752,0.015313866,2022-03-17
0.053912412,0.83159554,0.114492044,2022-03-17
0.16921784,0.71472317,0.11605897,2022-03-17
0.96358967,0.03234038,0.004069956,2022-03-17
0.7813712,0.18959002,0.02903874,2022-03-17
0.7283445,0.22596292,0.045692593,2022-03-17
0.87512887,0.110613205,0.014258033,2022-03-18
0.27175966,0.7030396,0.02520074,2022-03-18
0.32334313,0.6049599,0.071697,2022-03-18
0.42953518,0.52144665,0.04901816,2022-03-18
0.9216882,0.07451201,0.0037997493,2022-03-18
0.0082728965,0.30090627,0.6908208,2022-03-18
0.6182124,0.36249813,0.019289488,2022-03-19
0.9164126,0.07742523,0.006162198,2022-03-20
0.8021976,0.17753057,0.020271935,2022-03-21
0.83376515,0.15809119,0.008143585,2022-03-21
0.9330024,0.062916614,0.0040809466,2022-03-21
0.77359766,0.20160803,0.02479438,2022-03-22
0.8930082,0.09964413,0.007347723,2022-03-22
0.631559,0.34625137,0.022189626,2022-03-22
0.9118833,0.08012733,0.007989352,2022-03-22
0.45500046,0.5003814,0.04461817,2022-03-22
0.5579997,0.4271761,0.014824282,2022-03-22
0.71793514,0.26715732,0.014907575,2022-03-22
0.6399727,0.3158305,0.044196833,2022-03-22
0.03682915,0.6864711,0.2766997,2022-03-23
0.8850239,0.11004966,0.0049264636,2022-03-23
0.08529637,0.6237264,0.29097727,2022-03-23
0.8326917,0.1600553,0.007252947,2022-03-23
0.81261253,0.16475396,0.022633536,2022-03-23
0.8385973,0.14692146,0.014481248,2022-03-23
0.14787686,0.6733732,0.1787499,2022-03-24
0.37837917,0.58728296,0.034337852,2022-03-24
0.03566985,0.6737895,0.29054058,2022-03-24
0.7846886,0.18560807,0.02970335,2022-03-24
0.9393603,0.054746423,0.005893213,2022-03-24
0.9206634,0.074461736,0.0048748045,2022-03-24
0.48243192,0.4757311,0.041836992,2022-03-24
0.9440372,0.05060875,0.0053540375,2022-03-24
0.9461575,0.051363625,0.0024788545,2022-03-25
0.93753695,0.054808192,0.0076549016,2022-03-25
0.886371,0.10587618,0.007752853,2022-03-25
0.9481105,0.046461463,0.005427912,2022-03-25
0.016314907,0.6588986,0.3247865,2022-03-25
0.03694586,0.5071169,0.4559372,2022-03-25
0.7921215,0.19056377,0.017314786,2022-03-26
0.67160624,0.30447164,0.023922138,2022-03-26
0.41701636,0.5646131,0.01837044,2022-03-26
0.8499932,0.14071856,0.009288159,2022-03-26
0.23252864,0.65878123,0.10869009,2022-03-26
0.91604203,0.07503605,0.008921969,2022-03-26
0.49690428,0.45577627,0.047319394,2022-03-26
0.8842723,0.104316115,0.011411662,2022-03-26
0.9066669,0.08947856,0.003854609,2022-03-26
0.94305956,0.054060675,0.0028797837,2022-03-26
0.94402087,0.053047758,0.0029313313,2022-03-27
0.8297489,0.15248412,0.017766954,2022-03-27
0.9128792,0.072038256,0.015082487,2022-03-27
0.92277783,0.07203812,0.005183979,2022-03-27
0.5398909,0.42452082,0.03558833,2022-03-28
0.011994603,0.79442704,0.19357832,2022-03-28
0.8706607,0.12449838,0.004840887,2022-03-28
0.26753592,0.5459245,0.1865396,2022-03-28
0.7278345,0.25383264,0.018332817,2022-03-28
0.4621837,0.5112502,0.026566105,2022-03-28
0.88717437,0.10719514,0.0056305765,2022-03-29
0.93984854,0.055850144,0.0043012374,2022-03-29
0.23493065,0.66561556,0.09945378,2022-03-29
0.96199226,0.035824146,0.0021835964,2022-03-29
0.56493217,0.33278722,0.102280684,2022-03-29
0.8304357,0.15872823,0.010836047,2022-03-29
0.80446064,0.18793094,0.00760849,2022-03-29
0.30049336,0.6608739,0.03863269,2022-03-29
0.850646,0.14483844,0.0045155883,2022-03-29
0.28573713,0.64630544,0.06795742,2022-03-30
0.8667836,0.12497244,0.008244006,2022-03-30
0.7130085,0.26961616,0.017375296,2022-03-30
0.743616,0.22461607,0.03176799,2022-03-30
0.07137135,0.7641107,0.16451803,2022-03-31
0.6227333,0.3615295,0.015737178,2022-03-31
0.7924531,0.19791749,0.009629429,2022-03-31
0.86710113,0.12633169,0.0065671783,2022-03-31
0.8674233,0.12109984,0.011476816,2022-03-31
0.86748576,0.12347962,0.0090345945,2022-04-01
0.7283445,0.22596292,0.045692593,2022-04-01
0.6473147,0.31377578,0.038909443,2022-04-01
0.012072684,0.17932111,0.8086062,2022-04-02
0.3182508,0.59948885,0.08226036,2022-04-02
0.13612832,0.7277782,0.13609353,2022-04-02
0.75330496,0.22611871,0.020576384,2022-04-02
0.82124853,0.16204283,0.01670862,2022-04-04
0.92724,0.067856014,0.004903869,2022-04-04
0.2605757,0.5898988,0.14952543,2022-04-05
0.94098675,0.055579763,0.0034334443,2022-04-05
0.80620164,0.16751048,0.026287887,2022-04-05
0.73947227,0.23755363,0.022974106,2022-04-05
0.69520295,0.26878187,0.03601513,2022-04-06
0.16299635,0.7903131,0.046690494,2022-04-06
0.95396584,0.041949462,0.004084661,2022-04-06
0.71882296,0.25110948,0.03006752,2022-04-06
0.83318484,0.15526423,0.011550913,2022-04-06
0.848163,0.14259551,0.009241469,2022-04-06
0.69468236,0.28313765,0.022180026,2022-04-06
0.6009734,0.38263658,0.01639005,2022-04-07
0.7960723,0.19592385,0.008003778,2022-04-07
0.9130182,0.078380205,0.008601489,2022-04-07
0.9346917,0.057845857,0.007462363,2022-04-07
0.34206238,0.5719263,0.08601135,2022-04-07
0.014824393,0.5786575,0.40651816,2022-04-07
0.9205059,0.073732734,0.005761428,2022-04-08
0.7181843,0.26696107,0.0148545625,2022-04-08
0.6399727,0.3158305,0.044196833,2022-04-08
0.018371273,0.41952866,0.5621001,2022-04-08
0.37982225,0.5502405,0.06993724,2022-04-09
0.8823973,0.10967924,0.007923438,2022-04-09
0.9143047,0.07781716,0.007878209,2022-04-09
0.0064441245,0.40705103,0.5865048,2022-04-09
0.79425263,0.18436474,0.021382667,2022-04-09
0.6851495,0.2713952,0.04345523,2022-04-09
0.11146344,0.744953,0.14358355,2022-04-09
0.54822356,0.41074768,0.04102879,2022-04-10
0.08829648,0.27947205,0.6322314,2022-04-10
0.7932816,0.18997799,0.016740348,2022-04-10
0.859391,0.13208416,0.008524848,2022-04-10
0.93404007,0.06153972,0.0044202674,2022-04-10
0.65881306,0.31089368,0.030293262,2022-04-10
0.7551926,0.23027243,0.014535083,2022-04-10
0.9759162,0.021664472,0.0024193106,2022-04-11
0.80836,0.17332697,0.018313041,2022-04-11
0.60422677,0.34088624,0.054887023,2022-04-11
0.7742862,0.20846726,0.017246516,2022-04-11
0.46919084,0.48786753,0.042941727,2022-04-11
0.049805805,0.7531464,0.19704783,2022-04-11
0.24123445,0.7002297,0.058535915,2022-04-11
0.81339186,0.1771602,0.009447945,2022-04-11
0.72677094,0.25670978,0.01651935,2022-04-11
0.8052365,0.18635145,0.008411992,2022-04-11
0.24862978,0.6849584,0.06641179,2022-04-12
0.015578171,0.69774705,0.28667483,2022-04-12
0.8292304,0.16306053,0.007709066,2022-04-12
0.07980533,0.6985903,0.22160436,2022-04-12
0.7431573,0.24356334,0.013279429,2022-04-12
0.8944499,0.09580597,0.009744234,2022-04-12
0.032156765,0.6580613,0.30978188,2022-04-12
0.743616,0.22461607,0.03176799,2022-04-13
0.549136,0.41447538,0.036388643,2022-04-13
0.6573344,0.32691827,0.015747396,2022-04-13
0.87025225,0.12316947,0.00657829,2022-04-14
0.7658094,0.194679,0.039511666,2022-04-14
0.007180415,0.48607302,0.50674653,2022-04-14
0.5309938,0.4384728,0.030533403,2022-04-14
0.9181583,0.0736845,0.008157208,2022-04-14
0.95837003,0.03813588,0.003494155,2022-04-14
0.30409747,0.4729693,0.22293328,2022-04-14
0.94221056,0.05481041,0.0029791186,2022-04-15
0.8630934,0.12875637,0.0081502395,2022-04-15
0.7187393,0.25593245,0.02532824,2022-04-15
0.9198718,0.073487945,0.006640292,2022-04-15
0.43163934,0.5499592,0.01840143,2022-04-15
0.85732746,0.1369734,0.00569916,2022-04-15
0.9514551,0.04562675,0.0029181195,2022-04-16
0.9038563,0.0937275,0.002416253,2022-04-16
0.0060659456,0.33566302,0.6582711,2022-04-16
0.8373152,0.15258615,0.010098619,2022-04-17
0.5709473,0.36281443,0.066238254,2022-04-17
0.9754601,0.021185623,0.003354177,2022-04-17
0.82128584,0.16838257,0.010331633,2022-04-17
0.7695626,0.21855164,0.01188567,2022-04-17
0.47877482,0.44432473,0.07690043,2022-04-17
0.5977955,0.3667556,0.035448875,2022-04-18
0.0082728965,0.30090627,0.6908208,2022-04-18
0.7031404,0.25897384,0.03788579,2022-04-18
0.39736068,0.57362515,0.029014187,2022-04-18
0.72274864,0.24524471,0.03200664,2022-04-18
0.78956556,0.1924999,0.017934628,2022-04-19
0.90494436,0.08929807,0.0057575163,2022-04-19
0.0038331018,0.32303223,0.6731346,2022-04-19
0.13038912,0.58471406,0.28489685,2022-04-19
0.655874,0.33312348,0.011002557,2022-04-19
0.8021976,0.17753057,0.020271935,2022-04-19
0.80836,0.17332697,0.018313041,2022-04-19
0.55854726,0.38378233,0.057670407,2022-04-19
0.71493834,0.2571563,0.02790538,2022-04-20
0.24428408,0.7132347,0.042481225,2022-04-20
0.86629605,0.12355682,0.010147139,2022-04-20
0.90447706,0.087564066,0.007958905,2022-04-20
0.780882,0.19993477,0.019183187,2022-04-21
0.39424977,0.54245025,0.06330005,2022-04-21
0.45063284,0.47575402,0.07361307,2022-04-21
0.1329016,0.7727721,0.09432629,2022-04-21
0.90799105,0.088282995,0.0037259718,2022-04-21
0.35785866,0.5015403,0.14060104,2022-04-21
0.08297691,0.60758394,0.30943915,2022-04-21
0.40405768,0.5232636,0.07267876,2022-04-22
0.029031921,0.66986305,0.30110505,2022-04-22
0.9134548,0.08067028,0.00587491,2022-04-22
0.8596046,0.13133438,0.009061094,2022-04-22
0.89224964,0.099138774,0.008611562,2022-04-23
0.91581637,0.081819005,0.0023645582,2022-04-23
0.75488496,0.22658657,0.01852843,2022-04-23
0.30874074,0.5349961,0.15626316,2022-04-23
0.47521824,0.4812762,0.043505523,2022-04-24
0.4701415,0.48355785,0.046300694,2022-04-24
0.415411,0.5072345,0.0773545,2022-04-24
0.37468368,0.4923538,0.13296254,2022-04-24
0.38028437,0.46144688,0.15826876,2022-04-24
0.7987965,0.1931913,0.008012264,2022-04-24
0.9750274,0.022624575,0.0023480537,2022-04-24
0.6470212,0.3330026,0.01997624,2022-04-24
0.7746678,0.21228738,0.013044877,2022-04-24
0.958539,0.038771793,0.0026891811,2022-04-25
0.63757056,0.33802795,0.024401532,2022-04-25
0.88945144,0.10632421,0.004224386,2022-04-25
0.08350285,0.7318312,0.18466587,2022-04-25
0.71923614,0.264226,0.016537903,2022-04-25
0.2585887,0.63203174,0.109379634,2022-04-26
0.7698005,0.21245354,0.017745988,2022-04-26
0.8836397,0.110019796,0.00634049,2022-04-26
0.101311244,0.75353116,0.14515764,2022-04-26
0.8844842,0.10686063,0.008655158,2022-04-26
0.9561124,0.041046165,0.0028414172,2022-04-26
0.30874074,0.5349961,0.15626316,2022-04-26
0.3596669,0.61288583,0.027447226,2022-04-26
0.89265275,0.101293914,0.006053253,2022-04-27
0.743194,0.23126982,0.025536174,2022-04-27
0.7399414,0.23354991,0.02650872,2022-04-27
0.41988105,0.5339388,0.046180163,2022-04-27
0.92776304,0.06671338,0.005523551,2022-04-27
0.9283487,0.06591658,0.0057346527,2022-04-28
0.7793111,0.20654027,0.014148592,2022-04-28
0.77303076,0.21084148,0.016127812,2022-04-28
0.63982844,0.31423885,0.04593264,2022-04-29
0.9469825,0.049398832,0.0036186567,2022-04-29
0.86040103,0.12646234,0.013136563,2022-04-29
0.066250436,0.8732599,0.06048969,2022-04-29
0.062489226,0.5248941,0.4126166,2022-04-30
0.6440077,0.33700302,0.018989341,2022-04-30
0.001532815,0.020910194,0.977557,2022-04-30
0.8419006,0.14321719,0.014882275,2022-04-30
0.36507395,0.5578824,0.077043615,2022-05-02
0.35284328,0.4910872,0.15606952,2022-05-02
0.84803885,0.14688015,0.0050809523,2022-05-02
0.7870392,0.18391311,0.029047713,2022-05-03
0.8139114,0.17029458,0.01579401,2022-05-03
0.9381859,0.05499738,0.006816799,2022-05-04
0.116019875,0.70187753,0.18210262,2022-05-04
0.9706881,0.027106076,0.0022057642,2022-05-04
0.8419006,0.14321719,0.014882275,2022-05-04
0.8385973,0.14692146,0.014481248,2022-05-04
0.6969036,0.26456463,0.038531747,2022-05-04
0.19119325,0.7301295,0.07867723,2022-05-04
0.91066706,0.08120395,0.008129007,2022-05-04
0.89259684,0.09983241,0.0075707226,2022-05-04
0.974101,0.023004632,0.0028943343,2022-05-04
0.11511657,0.79627466,0.08860876,2022-05-04
0.8071724,0.18433654,0.008491011,2022-05-04
0.03753241,0.831693,0.13077454,2022-05-04
0.593059,0.37307325,0.033867713,2022-05-05
0.6892328,0.28645155,0.024315618,2022-05-05
0.6708665,0.2811837,0.047949787,2022-05-05
0.09072554,0.7114603,0.19781412,2022-05-06
0.9771823,0.02035217,0.0024655443,2022-05-06
0.28839815,0.6619794,0.049622443,2022-05-06
0.82563466,0.16283266,0.011532736,2022-05-06
0.25061128,0.625208,0.12418071,2022-05-06
0.9626882,0.03404494,0.0032667513,2022-05-07
0.49757454,0.44964954,0.05277596,2022-05-07
0.77303773,0.2137073,0.013254978,2022-05-07
0.011090979,0.55347025,0.43543872,2022-05-07
0.66732657,0.3126877,0.019985726,2022-05-07
0.007925174,0.5654018,0.42667305,2022-05-08
0.7692673,0.21745247,0.013280217,2022-05-08
0.72814864,0.2577208,0.0141305635,2022-05-08
0.41545084,0.5522842,0.03226496,2022-05-08
0.073582895,0.7753969,0.15102026,2022-05-08
0.5813285,0.382689,0.035982527,2022-05-08
0.8879401,0.10301852,0.009041337,2022-05-08
0.7658094,0.194679,0.039511666,2022-05-09
0.92197406,0.07492749,0.0030984096,2022-05-09
0.14355408,0.5304011,0.32604474,2022-05-09
0.77329475,0.21103452,0.015670681,2022-05-09
0.45386288,0.4975111,0.04862609,2022-05-09
0.3140693,0.5898314,0.09609925,2022-05-09
0.87287545,0.11545721,0.011667349,2022-05-09
0.9673931,0.028832579,0.0037743177,2022-05-10
0.38983634,0.5944009,0.015762744,2022-05-10
0.18872446,0.7353088,0.07596675,2022-05-11
0.9604454,0.03638406,0.003170558,2022-05-11
0.9536496,0.040432934,0.005917455,2022-05-11
0.6150347,0.35655966,0.028405616,2022-05-12
0.11614898,0.7156309,0.16822015,2022-05-12
0.82202166,0.15489665,0.023081677,2022-05-12
0.7916968,0.19432886,0.013974339,2022-05-12
0.02254923,0.6305395,0.34691128,2022-05-12
0.54281914,0.4166271,0.040553715,2022-05-13
0.6771619,0.29956764,0.023270426,2022-05-13
0.8919465,0.10389481,0.004158718,2022-05-13
0.013757933,0.055086393,0.9311556,2022-05-13
0.7009507,0.27841246,0.020636832,2022-05-13
0.55556387,0.3959539,0.0484822,2022-05-13
0.21198086,0.60108036,0.18693884,2022-05-13
0.4739657,0.4900212,0.03601314,2022-05-14
0.8419006,0.14321719,0.014882275,2022-05-14
0.502321,0.47394907,0.023729889,2022-05-14
0.024584938,0.56191605,0.41349897,2022-05-14
0.7993412,0.19123963,0.009419102,2022-05-14
0.4722454,0.48413014,0.043624442,2022-05-14
0.6712389,0.3128456,0.015915597,2022-05-14
0.06665457,0.8189797,0.11436582,2022-05-14
0.30874074,0.5349961,0.15626316,2022-05-14
0.34686223,0.567558,0.08557975,2022-05-15
0.9170604,0.07877643,0.0041632256,2022-05-15
0.9622597,0.034507383,0.0032328402,2022-05-15
0.81429094,0.1756289,0.010080152,2022-05-15
0.7714712,0.22034235,0.008186447,2022-05-15
0.4096202,0.5469163,0.043463517,2022-05-16
0.7316407,0.2460528,0.022306567,2022-05-16
0.8419006,0.14321719,0.014882275,2022-05-17
0.031646553,0.80285436,0.16549914,2022-05-17
0.83528477,0.15755185,0.0071633174,2022-05-17
0.7652383,0.21642075,0.018340917,2022-05-18
0.7283445,0.22596292,0.045692593,2022-05-18
0.87223697,0.11995734,0.007805673,2022-05-18
0.041828997,0.90190727,0.056263734,2022-05-18
0.88341683,0.10777621,0.008807014,2022-05-18
0.95501137,0.041358303,0.0036303322,2022-05-18
0.91496134,0.081262864,0.0037757957,2022-05-18
0.93857604,0.05850234,0.0029215955,2022-05-19
0.05190395,0.8397489,0.10834714,2022-05-19
0.8062783,0.17811933,0.015602434,2022-05-19
0.8764417,0.11301646,0.010541807,2022-05-19
0.8933094,0.102585144,0.00410548,2022-05-19
0.81933665,0.16788067,0.0127827,2022-05-20
0.82202166,0.15489665,0.023081677,2022-05-20
0.53018236,0.45053342,0.019284183,2022-05-20
0.17643183,0.76817346,0.055394687,2022-05-20
0.22412361,0.71801126,0.05786514,2022-05-20
0.9644484,0.033097275,0.00245437,2022-05-20
0.12881231,0.67770153,0.19348618,2022-05-21
0.12967494,0.7849063,0.08541871,2022-05-22
0.014405252,0.24362668,0.7419681,2022-05-22
0.77359766,0.20160803,0.02479438,2022-05-22
0.83724016,0.1543146,0.00844524,2022-05-22
0.574765,0.4115961,0.013638862,2022-05-22
0.367367,0.5790952,0.0535378,2022-05-22
0.85811174,0.12619661,0.015691584,2022-05-23
0.4854158,0.48882145,0.025762789,2022-05-24
0.11045598,0.8231267,0.066417344,2022-05-24
0.90596706,0.08526866,0.008764293,2022-05-24
0.965461,0.0315391,0.0029998282,2022-05-25
0.80910623,0.17033958,0.020554136,2022-05-25
0.36144167,0.6192444,0.019313872,2022-05-26
0.8143915,0.15440148,0.031207072,2022-05-26
0.69911236,0.26988634,0.031001316,2022-05-26
0.6989043,0.26401702,0.037078775,2022-05-26
0.742227,0.23986271,0.017910287,2022-05-27
0.6147393,0.31391355,0.071347155,2022-05-27
0.58842456,0.37744075,0.03413474,2022-05-27
0.7105671,0.2732393,0.016193576,2022-05-27
0.8979424,0.097175576,0.0048820004,2022-05-27
0.12356009,0.804485,0.07195493,2022-05-27
0.70697,0.28008232,0.012947723,2022-05-27
0.6694354,0.30373183,0.026832797,2022-05-27
0.650566,0.33414793,0.015286056,2022-05-27
0.71822584,0.27054036,0.011233757,2022-05-28
0.33150217,0.51095897,0.15753883,2022-05-28
0.96358967,0.03234038,0.004069956,2022-05-28
0.743616,0.22461607,0.03176799,2022-05-28
0.87551475,0.11579687,0.008688306,2022-05-28
0.3142858,0.48419106,0.20152321,2022-05-28
0.61564225,0.37152535,0.012832431,2022-05-29
0.7658094,0.194679,0.039511666,2022-05-29
0.79332346,0.19410406,0.012572417,2022-05-29
0.7156524,0.2636403,0.020707283,2022-05-29
0.65781635,0.30875486,0.0334288,2022-05-30
0.8544967,0.13766432,0.007838917,2022-05-30
0.5611745,0.41963357,0.01919193,2022-05-30
0.9518523,0.04470485,0.0034428104,2022-05-30
0.80845106,0.17717388,0.014375121,2022-05-30
0.8200612,0.17299356,0.006945175,2022-05-31
0.86237216,0.12973915,0.007888709,2022-05-31
0.80836,0.17332697,0.018313041,2022-05-31
0.8251679,0.16113465,0.01369754,2022-05-31
0.106673464,0.66521436,0.22811218,2022-05-31
0.79364544,0.19897354,0.0073809866,2022-05-31
0.58546007,0.39301646,0.021523425,2022-06-01
0.976646,0.0200914,0.003262534,2022-06-01
0.88753074,0.10632396,0.006145263,2022-06-01
0.93308234,0.0626633,0.00425439,2022-06-01
0.9526442,0.044091754,0.003263916,2022-06-02
0.90961283,0.079515696,0.01087144,2022-06-02
0.7544819,0.22540775,0.020110374,2022-06-02
0.96867293,0.02828178,0.0030453508,2022-06-02
0.72356397,0.22311516,0.053320877,2022-06-02
0.7283445,0.22596292,0.045692593,2022-06-03
0.7658094,0.194679,0.039511666,2022-06-03
0.11362457,0.7800748,0.106300674,2022-06-03
0.7858306,0.19453937,0.01963001,2022-06-03
0.9628206,0.032109227,0.005070167,2022-06-03
0.4963386,0.45556012,0.048101258,2022-06-03
0.30968985,0.55683285,0.13347723,2022-06-03
0.050457653,0.8395125,0.1100298,2022-06-03
0.8923692,0.10003849,0.007592197,2022-06-04
0.399867,0.56041527,0.03971771,2022-06-04
0.885284,0.106471896,0.008244132,2022-06-04
0.38864416,0.56876856,0.04258722,2022-06-04
0.70889586,0.27100855,0.020095574,2022-06-05
0.14318275,0.8133436,0.043473635,2022-06-05
0.28509918,0.6223836,0.09251722,2022-06-05
0.87598073,0.11114834,0.012870951,2022-06-05
0.41564745,0.55779356,0.02655895,2022-06-05
0.79766595,0.19543974,0.0068942555,2022-06-05
0.048626967,0.5546298,0.39674327,2022-06-05
0.29132897,0.66673374,0.041937303,2022-06-05
0.73014843,0.25365853,0.016192995,2022-06-05
0.8050199,0.18392971,0.011050366,2022-06-06
0.28243092,0.5987059,0.11886317,2022-06-06
0.6099567,0.3605893,0.029454017,2022-06-06
0.81902117,0.17288998,0.008088904,2022-06-07
0.92975825,0.06381663,0.0064251306,2022-06-08
0.90736634,0.08958372,0.0030499918,2022-06-08
0.6399727,0.3158305,0.044196833,2022-06-08
0.7985736,0.17381062,0.02761575,2022-06-08
0.080130875,0.7204053,0.19946383,2022-06-08
0.8911812,0.101937234,0.0068816,2022-06-09
0.9165003,0.076417565,0.007082104,2022-06-09
0.016992157,0.69108075,0.2919271,2022-06-09
0.2741622,0.63179445,0.094043344,2022-06-09
0.41722944,0.5587549,0.024015682,2022-06-09
0.79022133,0.18422179,0.02555682,2022-06-09
0.7985736,0.17381062,0.02761575,2022-06-10
0.90883166,0.08533031,0.0058381096,2022-06-10
0.21744914,0.6556465,0.12690438,2022-06-10
0.6142074,0.36688164,0.018910976,2022-06-10
0.960809,0.03656744,0.0026235622,2022-06-11
0.9130884,0.08067454,0.0062370417,2022-06-12
0.43917555,0.46995023,0.09087423,2022-06-12
0.92936754,0.06311555,0.007516897,2022-06-13
0.870786,0.12489283,0.0043211104,2022-06-13
0.07258381,0.80163616,0.12578003,2022-06-13
0.3763818,0.5363622,0.08725602,2022-06-14
0.5804985,0.40168998,0.017811535,2022-06-14
0.8419006,0.14321719,0.014882275,2022-06-14
0.8165113,0.17033647,0.013152329,2022-06-14
0.87265086,0.120656215,0.0066929073,2022-06-14
0.10871826,0.76060414,0.13067764,2022-06-14
0.06966501,0.65166575,0.2786692,2022-06-14
0.90630907,0.0857953,0.007895753,2022-06-15
0.25540024,0.35039482,0.3942049,2022-06-15
0.80836,0.17332697,0.018313041,2022-06-15
0.8595668,0.12240468,0.018028492,2022-06-15
0.6948671,0.28073797,0.024394967,2022-06-15
0.2374439,0.6368219,0.1257342,2022-06-15
0.9718649,0.025412679,0.0027224682,2022-06-16
0.9292233,0.063089736,0.0076869167,2022-06-16
0.723532,0.26714107,0.009326887,2022-06-16
0.07283633,0.59497464,0.332189,2022-06-16
0.8560644,0.13352863,0.010407035,2022-06-16
0.70298755,0.28937936,0.007633081,2022-06-16
0.8322607,0.15140325,0.016336067,2022-06-17
0.038819704,0.49316928,0.468011,2022-06-17
0.66682756,0.3142047,0.01896779,2022-06-17
0.9140804,0.080787525,0.005132127,2022-06-17
0.6570193,0.3235521,0.019428512,2022-06-18
0.9480139,0.049766768,0.0022192972,2022-06-18
0.8130879,0.18004085,0.006871331,2022-06-18
0.3089865,0.61749417,0.073519304,2022-06-18
0.9360366,0.058607195,0.0053562312,2022-06-18
0.6067094,0.3352025,0.058088046,2022-06-19
0.30874074,0.5349961,0.15626316,2022-06-19
0.8364967,0.14345588,0.020047441,2022-06-20
0.9176051,0.07729753,0.0050973827,2022-06-20
0.8823006,0.11127844,0.0064208936,2022-06-21
0.93488455,0.05942751,0.005687912,2022-06-21
0.87115866,0.123337336,0.0055040726,2022-06-21
0.01005798,0.3979232,0.5920188,2022-06-21
0.8388925,0.15520959,0.0058979173,2022-06-21
0.88629,0.10469061,0.009019373,2022-06-21
0.040372998,0.6543355,0.3052915,2022-06-22
0.70858055,0.27388227,0.017537167,2022-06-22
0.97152025,0.026344167,0.002135639,2022-06-22
0.89216155,0.09957761,0.008260829,2022-06-22
0.9617268,0.034911405,0.0033617762,2022-06-22
0.43722653,0.5316913,0.031082137,2022-06-22
0.7985736,0.17381062,0.02761575,2022-06-22
0.8794839,0.11304293,0.007473135,2022-06-22
0.31222644,0.6517994,0.035974175,2022-06-23
0.9596808,0.0381037,0.0022155326,2022-06-23
0.8740831,0.119082026,0.006834791,2022-06-23
0.94283026,0.05349562,0.0036740866,2022-06-23
0.047164958,0.88165927,0.07117581,2022-06-23
0.26140425,0.5946818,0.14391392,2022-06-23
0.6234725,0.31147382,0.06505369,2022-06-23
0.8853928,0.1094343,0.0051728548,2022-06-23
0.15050085,0.8299306,0.019568512,2022-06-23
0.098755606,0.75790656,0.14333788,2022-06-24
0.83108675,0.16350186,0.005411369,2022-06-24
0.009747628,0.48303238,0.50722003,2022-06-24
0.70028263,0.27240098,0.027316365,2022-06-24
0.55556387,0.3959539,0.0484822,2022-06-24
0.9340471,0.061765436,0.00418738,2022-06-24
0.74516284,0.23419484,0.020642342,2022-06-25
0.81908655,0.17243756,0.00847588,2022-06-25
0.80508006,0.17321889,0.021701053,2022-06-25
0.43775052,0.51349574,0.048753716,2022-06-25
0.31447306,0.64398223,0.041544724,2022-06-25
0.9110677,0.080594115,0.0083381,2022-06-25
0.24067637,0.67101324,0.08831042,2022-06-26
0.7964224,0.19428477,0.009292833,2022-06-26
0.8474825,0.14352942,0.008988109,2022-06-26
0.62744766,0.34717208,0.025380252,2022-06-26
0.8590553,0.13207206,0.008872718,2022-06-26
0.97503316,0.022247884,0.0027189685,2022-06-26
0.15877296,0.65885955,0.18236749,2022-06-26
0.06989654,0.835612,0.0944914,2022-06-27
0.7658094,0.194679,0.039511666,2022-06-27
0.16684903,0.79456514,0.038585823,2022-06-27
0.3155579,0.6407373,0.04370478,2022-06-27
0.058903348,0.51867217,0.42242453,2022-06-27
0.9338064,0.062066413,0.0041270936,2022-06-27
0.54603994,0.42175952,0.032200627,2022-06-27
0.40145928,0.5767416,0.021799166,2022-06-27
0.7204529,0.26328748,0.016259596,2022-06-28
0.8444904,0.15164104,0.003868507,2022-06-28
0.7034205,0.28142136,0.015158112,2022-06-28
0.8732801,0.11812253,0.008597362,2022-06-28
0.805125,0.17949478,0.015380227,2022-06-28
0.77844745,0.20871301,0.012839569,2022-06-29
0.26182938,0.59636873,0.14180185,2022-06-29
0.93047684,0.06535634,0.004166802,2022-06-29
0.9620677,0.03450006,0.0034322492,2022-06-29
0.4974191,0.44356406,0.05901682,2022-06-29
0.3303621,0.5820577,0.08758019,2022-06-30
0.08294661,0.38823378,0.52881956,2022-06-30
0.08287876,0.50085187,0.41626936,2022-06-30
0.8643644,0.12071498,0.014920618,2022-06-30
0.8596884,0.12984131,0.010470226,2022-07-01
0.7432127,0.236886,0.019901335,2022-07-01
0.7857371,0.19771665,0.016546221,2022-07-01
0.6989043,0.26401702,0.037078775,2022-07-01
0.80947787,0.17591053,0.014611658,2022-07-01
0.39561296,0.5615144,0.042872626,2022-07-01
0.356688,0.5388978,0.10441419,2022-07-01
0.8419006,0.14321719,0.014882275,2022-07-01
0.95398885,0.041331515,0.0046796347,2022-07-02
0.9477748,0.048651524,0.0035737087,2022-07-02
0.85534483,0.13072868,0.013926515,2022-07-02
0.90224224,0.09217332,0.0055843918,2022-07-02
0.1841356,0.66743916,0.14842522,2022-07-03
0.1568454,0.79699194,0.0461626,2022-07-03
0.88797545,0.101997405,0.010027234,2022-07-03
0.9556549,0.04108101,0.0032639848,2022-07-03
0.743616,0.22461607,0.03176799,2022-07-04
0.84489805,0.14635944,0.008742568,2022-07-04
0.743616,0.22461607,0.03176799,2022-07-04
0.7140916,0.25764436,0.028264035,2022-07-04
0.95820284,0.03912659,0.002670492,2022-07-04
0.8617984,0.13015862,0.00804297,2022-07-04
0.83919036,0.15201901,0.008790631,2022-07-04
0.80836,0.17332697,0.018313041,2022-07-05
0.02206548,0.57278466,0.40514982,2022-07-05
0.32337698,0.62265176,0.05397124,2022-07-05
0.734619,0.23595099,0.029430011,2022-07-05
0.7757208,0.21300162,0.011277546,2022-07-05
0.23957613,0.7172032,0.04322069,2022-07-05
0.9665149,0.030216873,0.0032683073,2022-07-05
0.9170017,0.07580487,0.0071934015,2022-07-05
0.77359766,0.20160803,0.02479438,2022-07-06
0.7356203,0.2501654,0.014214292,2022-07-06
0.29040846,0.599772,0.10981953,2022-07-06
0.9117723,0.08102368,0.0072039985,2022-07-06
0.91604203,0.07503605,0.008921969,2022-07-06
0.007186782,0.06345843,0.9293548,2022-07-06
0.858262,0.13651377,0.005224257,2022-07-06
0.8178722,0.17369536,0.008432357,2022-07-06
0.96358967,0.03234038,0.004069956,2022-07-06
0.34341785,0.5014788,0.15510333,2022-07-06
0.9514411,0.042769805,0.005789099,2022-07-06
0.12565862,0.75769186,0.11664951,2022-07-06
0.9247851,0.07252,0.0026949055,2022-07-06
0.95173764,0.04208398,0.0061783325,2022-07-07
0.8959508,0.09343047,0.010618761,2022-07-07
0.007884531,0.7730951,0.21902035,2022-07-07
0.799742,0.16871521,0.031542838,2022-07-07
0.85326725,0.14204526,0.004687394,2022-07-07
0.38028437,0.46144688,0.15826876,2022-07-07
0.7115181,0.2782743,0.010207653,2022-07-08
0.88519275,0.11109199,0.0037152336,2022-07-08
0.9553689,0.041214745,0.0034163431,2022-07-09
0.27928928,0.67670834,0.044002388,2022-07-09
0.9453528,0.0508328,0.003814405,2022-07-09
0.93288547,0.062734194,0.004380313,2022-07-10
0.9740732,0.023384945,0.0025419705,2022-07-10
0.8865501,0.10390988,0.009539964,2022-07-10
0.16703592,0.68221384,0.1507502,2022-07-10
0.49604353,0.47917235,0.024784157,2022-07-10
0.578764,0.40111342,0.020122511,2022-07-10
0.50039095,0.4580139,0.041595157,2022-07-10
0.15754084,0.7325663,0.10989283,2022-07-10
0.031771593,0.689713,0.27851546,2022-07-10
0.1344082,0.427783,0.43780872,2022-07-10
0.3576179,0.51820636,0.12417577,2022-07-11
0.16644548,0.6568237,0.17673084,2022-07-11
0.69561017,0.29401526,0.010374495,2022-07-11
0.863115,0.12526995,0.011615041,2022-07-12
0.18875541,0.6175723,0.19367237,2022-07-12
0.9297936,0.06343637,0.0067700096,2022-07-12
0.9294738,0.0642778,0.0062484723,2022-07-13
0.8821158,0.1069258,0.010958484,2022-07-13
0.66398376,0.301845,0.03417126,2022-07-13
0.49868482,0.45536327,0.045951933,2022-07-14
0.9460851,0.051142935,0.0027719517,2022-07-14
0.08510594,0.6759851,0.23890902,2022-07-14
0.5709473,0.36281443,0.066238254,2022-07-14
0.9660266,0.03145566,0.002517684,2022-07-15
0.23395629,0.69384325,0.072200485,2022-07-15
0.77359766,0.20160803,0.02479438,2022-07-16
0.27648532,0.5492594,0.17425525,2022-07-16
0.908082,0.08337408,0.008544018,2022-07-16
0.8786551,0.1150411,0.00630375,2022-07-16
0.8822628,0.11403227,0.0037048617,2022-07-16
0.40074554,0.5824392,0.01681528,2022-07-16
0.9122141,0.084077865,0.0037079805,2022-07-16
0.14251505,0.8046139,0.052871004,2022-07-16
0.743616,0.22461607,0.03176799,2022-07-16
0.8708784,0.118017815,0.011103868,2022-07-16
0.93204343,0.06156174,0.0063948105,2022-07-17
0.8387714,0.15399636,0.007232254,2022-07-17
0.62559855,0.3515871,0.022814356,2022-07-18
0.6079435,0.32773513,0.06432137,2022-07-18
0.9539869,0.042094123,0.0039191027,2022-07-18
0.87709194,0.11901074,0.0038973312,2022-07-19
0.9025631,0.08822938,0.009207582,2022-07-19
0.702157,0.26787964,0.02996341,2022-07-20
0.26215154,0.71277565,0.025072815,2022-07-20
0.9092701,0.08213019,0.00859977,2022-07-20
0.7464581,0.23534457,0.018197335,2022-07-21
0.27032983,0.5980643,0.1316059,2022-07-21
0.8327954,0.15655747,0.010647156,2022-07-21
0.050607376,0.8114906,0.13790199,2022-07-21
0.8812559,0.110304855,0.008439202,2022-07-21
0.59071904,0.37546748,0.033813484,2022-07-22
0.6526884,0.32684943,0.020462126,2022-07-22
0.7204904,0.25028056,0.02922899,2022-07-22
0.6333783,0.33807307,0.028548583,2022-07-22
0.7182701,0.24050847,0.04122146,2022-07-22
0.9536124,0.037564382,0.008823191,2022-07-22
0.23790577,0.56716305,0.19493116,2022-07-23
0.9490459,0.047407433,0.0035466193,2022-07-23
0.9423549,0.054848403,0.0027966422,2022-07-23
0.118350156,0.8181268,0.06352308,2022-07-23
0.79940164,0.1942063,0.006392094,2022-07-23
0.16299635,0.7903131,0.046690494,2022-07-23
0.3534079,0.5320951,0.11449701,2022-07-23
0.69240487,0.28544545,0.022149729,2022-07-23
0.8875876,0.10692712,0.005485311,2022-07-23
0.60696846,0.38161635,0.011415244,2022-07-24
0.29124343,0.6717153,0.037041247,2022-07-24
0.49049842,0.44059774,0.06890379,2022-07-24
0.2591783,0.6485707,0.09225095,2022-07-24
0.54452986,0.41936544,0.036104668,2022-07-24
0.7653034,0.19941263,0.0352841,2022-07-24
0.8376082,0.14864539,0.013746345,2022-07-24
0.004684329,0.1774904,0.81782526,2022-07-24
0.90366954,0.08966634,0.0066641816,2022-07-24
0.9386809,0.057579394,0.0037396553,2022-07-25
0.9341761,0.05848202,0.0073419344,2022-07-25
0.9434908,0.053138286,0.0033709444,2022-07-26
0.15115316,0.7833781,0.06546868,2022-07-26
0.8140446,0.16795975,0.01799568,2022-07-26
0.014317641,0.25172907,0.73395336,2022-07-26
0.9004774,0.09384471,0.0056779236,2022-07-26
0.9010622,0.09176534,0.0071724476,2022-07-26
0.743616,0.22461607,0.03176799,2022-07-26
0.9142099,0.08103219,0.0047579394,2022-07-26
0.045840442,0.3532209,0.6009386,2022-07-27
0.8152445,0.17257093,0.012184675,2022-07-27
0.7739495,0.20501098,0.021039471,2022-07-27
0.833588,0.15125324,0.015158681,2022-07-27
0.16739567,0.71924037,0.113363974,2022-07-27
0.5977955,0.3667556,0.035448875,2022-07-27
0.96350944,0.034660604,0.0018299301,2022-07-27
0.8707193,0.113463014,0.015817676,2022-07-28
0.6476349,0.30801183,0.044353228,2022-07-28
0.35013396,0.5236193,0.12624674,2022-07-28
0.0852857,0.3597486,0.55496573,2022-07-28
0.80447525,0.18625632,0.0092684645,2022-07-28
0.93490064,0.06158113,0.0035181977,2022-07-28
0.6041492,0.36664012,0.029210705,2022-07-28
0.96699387,0.03008003,0.002926101,2022-07-29
0.32096204,0.56764394,0.11139403,2022-07-29
0.62232405,0.3597337,0.017942231,2022-07-29
0.02023909,0.34599626,0.6337646,2022-07-29
0.8160519,0.17640008,0.0075480407,2022-07-29
0.71870226,0.27403903,0.007258732,2022-07-30
0.7955496,0.18771201,0.016738473,2022-07-30
0.18358478,0.7572689,0.059146266,2022-07-30
0.8168179,0.1755531,0.0076290104,2022-07-30
0.2697958,0.53984404,0.19036016,2022-07-31
0.014449113,0.21411274,0.7714382,2022-07-31
0.8039713,0.18420039,0.011828391,2022-07-31
0.8854953,0.10826687,0.006237776,2022-07-31
0.23839232,0.5551979,0.20640986,2022-07-31
0.0791261,0.65755904,0.26331487,2022-07-31
0.84934485,0.14266725,0.0079879165,2022-08-01
0.310881,0.44510278,0.24401625,2022-08-01
0.74465644,0.23719904,0.018144453,2022-08-01
0.81212854,0.1760666,0.011804843,2022-08-01
0.9053776,0.089381725,0.005240613,2022-08-02
0.0057527917,0.57359195,0.42065528,2022-08-02
0.7942077,0.18686028,0.018932084,2022-08-02
0.6292875,0.34644634,0.024266139,2022-08-02
0.8797486,0.113143384,0.007108038,2022-08-02
0.63506883,0.3182727,0.046658393,2022-08-02
0.743616,0.22461607,0.03176799,2022-08-03
0.38313472,0.54278904,0.07407628,2022-08-03
0.14027189,0.69387335,0.16585486,2022-08-03
0.9595662,0.03674874,0.003685099,2022-08-03
0.8593541,0.12653656,0.014109361,2022-08-03
0.47845304,0.43125173,0.090295196,2022-08-03
0.96537805,0.0314252,0.0031967554,2022-08-03
0.112205155,0.8315089,0.056286074,2022-08-04
0.011322029,0.60533005,0.38334787,2022-08-04
0.8388851,0.15347195,0.007642966,2022-08-04
0.9602307,0.033367906,0.006401452,2022-08-04
0.9025403,0.0902215,0.0072381645,2022-08-04
0.7283445,0.22596292,0.045692593,2022-08-04
0.008496058,0.35524505,0.6362589,2022-08-04
0.6541397,0.31084242,0.035017896,2022-08-04
0.0959872,0.8363389,0.06767399,2022-08-05
0.6613707,0.288836,0.04979331,2022-08-05
0.45228887,0.4900383,0.057672877,2022-08-05
0.93908805,0.054476097,0.006435766,2022-08-05
0.94725245,0.049975995,0.0027715052,2022-08-05
0.948636,0.043904223,0.0074597425,2022-08-05
0.20172839,0.72757334,0.07069818,2022-08-05
0.79815453,0.19508602,0.0067595034,2022-08-05
0.922952,0.07102447,0.0060235416,2022-08-05
0.81099284,0.17605746,0.01294975,2022-08-06
0.54116106,0.43414754,0.024691336,2022-08-06
0.73077804,0.24275628,0.026465612,2022-08-06
0.931851,0.06381089,0.0043380805,2022-08-07
0.042346444,0.8575499,0.10010359,2022-08-07
0.35418394,0.62251127,0.023304744,2022-08-07
0.60315734,0.38875833,0.008084302,2022-08-07
0.39752898,0.5832384,0.019232625,2022-08-07
0.59539133,0.37539455,0.029214075,2022-08-07
0.15824851,0.79099977,0.050751645,2022-08-07
0.8513238,0.12914766,0.01952861,2022-08-07
0.010576303,0.25788012,0.73154354,2022-08-08
0.32036868,0.56170815,0.11792316,2022-08-08
0.058404665,0.73277634,0.20881909,2022-08-08
0.85549206,0.1340861,0.0104217725,2022-08-09
0.78393304,0.19895934,0.017107597,2022-08-09
0.013524401,0.67203337,0.31444228,2022-08-09
0.6318944,0.33883762,0.029267931,2022-08-09
0.8403025,0.15474783,0.004949706,2022-08-09
0.4207289,0.47311103,0.106160015,2022-08-09
0.87527835,0.11349091,0.0112307705,2022-08-09
0.68509966,0.296942,0.017958347,2022-08-09
0.1751902,0.7113793,0.11343058,2022-08-09
0.4739657,0.4900212,0.03601314,2022-08-09
0.57990766,0.3759756,0.04411671,2022-08-09
0.67338926,0.30680707,0.019803658,2022-08-09
0.22077407,0.5062145,0.27301145,2022-08-09
0.69601774,0.2893129,0.014669303,2022-08-09
0.14387368,0.66584724,0.19027905,2022-08-10
0.9241792,0.07262597,0.0031948022,2022-08-11
0.6749178,0.31496072,0.010121536,2022-08-11
0.16498074,0.7331896,0.10182967,2022-08-11
0.034958333,0.4711991,0.49384254,2022-08-11
0.25670743,0.6323317,0.11096079,2022-08-11
0.8385973,0.14692146,0.014481248,2022-08-11
0.5832467,0.37852636,0.03822685,2022-08-11
0.7870392,0.18391311,0.029047713,2022-08-11
0.8513238,0.12914766,0.01952861,2022-08-11
0.041224375,0.23541945,0.7233561,2022-08-12
0.7130269,0.2679582,0.019014996,2022-08-12
0.86292946,0.13051574,0.006554783,2022-08-12
0.028197676,0.76384985,0.20795251,2022-08-12
0.95155776,0.043194357,0.0052478593,2022-08-13
0.9137773,0.079887904,0.006334807,2022-08-13
0.95315224,0.039683726,0.007164069,2022-08-13
0.77832294,0.20457417,0.01710294,2022-08-13
0.7108582,0.25844097,0.030700853,2022-08-14
0.89771795,0.09583158,0.0064504123,2022-08-14
0.743616,0.22461607,0.03176799,2022-08-14
0.9618697,0.034806482,0.0033238535,2022-08-14
0.23846833,0.62871885,0.13281281,2022-08-14
0.9407383,0.055108745,0.004152967,2022-08-14
0.002182366,0.018580418,0.9792372,2022-08-14
0.70219135,0.27481207,0.022996625,2022-08-14
0.6342417,0.34509096,0.020667363,2022-08-14
0.324046,0.6341449,0.041809093,2022-08-15
0.4481314,0.46144933,0.09041929,2022-08-15
0.6097078,0.36311054,0.027181711,2022-08-15
0.8295699,0.15283093,0.017599221,2022-08-16
0.743616,0.22461607,0.03176799,2022-08-16
0.0727803,0.88415325,0.04306644,2022-08-16
0.864235,0.12997277,0.0057922807,2022-08-16
0.90010744,0.0924636,0.007429042,2022-08-16
0.5066777,0.45795795,0.03536435,2022-08-16
0.7427107,0.24464075,0.0126485815,2022-08-16
0.93672526,0.058575485,0.0046992158,2022-08-16
0.38028437,0.46144688,0.15826876,2022-08-16
0.4379788,0.5090238,0.05299738,2022-08-16
0.9665834,0.03105884,0.0023577767,2022-08-17
0.41664302,0.5267717,0.05658526,2022-08-17
0.18624054,0.6909785,0.12278093,2022-08-17
0.052073106,0.51660126,0.4313256,2022-08-17
0.61359316,0.3679284,0.018478518,2022-08-17
0.7292161,0.2506985,0.020085376,2022-08-17
0.29785433,0.6763822,0.025763504,2022-08-17
0.6362603,0.33895552,0.024784189,2022-08-17
0.9580501,0.039180286,0.0027696688,2022-08-18
0.6164664,0.36042625,0.023107357,2022-08-18
0.9433492,0.05361441,0.0030364261,2022-08-18
0.830704,0.1630253,0.006270715,2022-08-18
0.9530691,0.04313036,0.0038004983,2022-08-18
0.8419006,0.14321719,0.014882275,2022-08-18
0.87793696,0.11511135,0.006951762,2022-08-18
0.16034745,0.78689045,0.0527621,2022-08-19
0.40146595,0.51415455,0.08437954,2022-08-19
0.236379,0.65490323,0.10871777,2022-08-19
0.5015285,0.47029194,0.028179558,2022-08-20
0.30874074,0.5349961,0.15626316,2022-08-20
0.860709,0.13163273,0.0076581812,2022-08-20
0.24446535,0.5802975,0.17523718,2022-08-20
0.64373475,0.32705152,0.0292137,2022-08-20
0.8419006,0.14321719,0.014882275,2022-08-20
0.90935856,0.08542879,0.0052126376,2022-08-20
0.9420166,0.05350994,0.0044734585,2022-08-20
0.7503048,0.22969015,0.020005107,2022-08-20
0.8341189,0.15656133,0.009319753,2022-08-20
0.018082988,0.4570068,0.5249102,2022-08-20
0.9306512,0.06455591,0.0047929166,2022-08-20
0.7094184,0.27308264,0.01749897,2022-08-21
0.45869613,0.5149467,0.026357211,2022-08-21
0.88025254,0.11214158,0.007605885,2022-08-21
0.33588812,0.5974774,0.066634506,2022-08-21
0.30460805,0.66389644,0.031495422,2022-08-22
0.6369283,0.33798987,0.025081739,2022-08-22
0.59658706,0.3303398,0.073073104,2022-08-22
0.8647684,0.122575745,0.012655908,2022-08-22
0.97493297,0.021239277,0.0038277686,2022-08-22
0.022225028,0.79909843,0.17867653,2022-08-22
0.89157283,0.10388027,0.004546973,2022-08-23
0.5507158,0.43092456,0.018359609,2022-08-23
0.9086408,0.08522247,0.0061367652,2022-08-23
0.88651204,0.10849205,0.0049959123,2022-08-23
0.9069641,0.0888248,0.0042111147,2022-08-23
0.789796,0.1988293,0.011374802,2022-08-23
0.03803855,0.8009652,0.16099632,2022-08-23
0.13566548,0.8063417,0.05799282,2022-08-24
0.31203294,0.6103337,0.077633396,2022-08-24
0.05868133,0.7215956,0.21972314,2022-08-24
0.85045266,0.1406124,0.008935032,2022-08-24
0.5572,0.39728376,0.045516234,2022-08-24
0.1784545,0.7251641,0.0963814,2022-08-24
0.71312743,0.27379182,0.0130807,2022-08-25
0.81080014,0.18028092,0.008918954,2022-08-25
0.94151324,0.054588806,0.0038979535,2022-08-25
0.58662283,0.35284784,0.060529344,2022-08-25
0.84958607,0.13390614,0.016507842,2022-08-26
0.55854726,0.38378233,0.057670407,2022-08-26
0.9544658,0.042586606,0.0029475945,2022-08-26
0.8513238,0.12914766,0.01952861,2022-08-26
0.93848616,0.056904867,0.0046089482,2022-08-26
0.81914145,0.17393243,0.0069261803,2022-08-26
0.743616,0.22461607,0.03176799,2022-08-26
0.05316205,0.5734166,0.3734213,2022-08-26
0.93895257,0.055012517,0.0060349563,2022-08-26
0.8981354,0.0944819,0.007382704,2022-08-27
0.55039847,0.43747872,0.012122764,2022-08-28
0.88556087,0.10504027,0.009398873,2022-08-28
0.8421395,0.14816082,0.009699646,2022-08-28
0.7283445,0.22596292,0.045692593,2022-08-28
0.8990599,0.09538628,0.005553829,2022-08-28
0.9642292,0.03337391,0.0023968178,2022-08-28
0.7249432,0.2533401,0.021716673,2022-08-28
0.7031557,0.27711466,0.019729706,2022-08-28
0.5813285,0.382689,0.035982527,2022-08-29
0.9080404,0.084634714,0.0073248176,2022-08-29
0.9729763,0.024902586,0.002121051,2022-08-29
0.7296968,0.25878733,0.011515789,2022-08-29
